record_id,vendor_id,vendor_name,vendor_iban,vendor_address,vendor_phone,invoice_no,amount,payment_date,payment_datetime,description,gl_account,employee_id,employee_iban,po_number
R0000,V008,Vendor 008 LLC,AE07033000000000000000,PO Box 1234,+97151719583,INV-2000,9571.0,2025-10-11,2025-10-11T23:03:00,test reversal correction,GL-0000,E001,AE0703300000000000000008,
R0001,V035,Vendor 035 LLC,AE07033000000000000000,"Street 1, Dubai",+97153903402,INV-2001,2997.27,2025-11-15,2025-11-15T08:59:00,supplier payment,GL-0001,E003,AE999993938631441738074,PO-3001
R0002,V033,Vendor 033 LLC,AE07033000000000000000,"Street 2, Dubai",+97157038374,INV-2002,496.51,2025-11-11,2025-11-11T18:03:00,supplier payment,GL-0002,E001,AE999999816795012270220,PO-3002
R0003,V015,Vendor 015 LLC,AE07033000000000000000,"Street 3, Dubai",+97154661907,INV-2003,941.17,2025-11-15,2025-11-15T08:52:00,supplier payment,GL-0003,E015,AE999996129409772778769,
R0004,V010,Vendor 010 LLC,AE07033000000000000000,"Street 4, Dubai",+97155770619,INV-2004,227.9,2025-10-14,2025-10-14T14:34:00,supplier payment,GL-0004,E007,AE999996466795234027415,PO-3004
R0005,V017,Vendor 017 LLC,AE07033000000000000000,"Street 5, Dubai",+97154918715,INV-2005,7530.06,2025-10-29,2025-10-29T14:02:00,supplier payment,GL-0005,E002,AE999999944679284752360,PO-3005
R0006,V024,Vendor 024 LLC,AE07033000000000000000,"Street 6, Dubai",+97154663623,INV-2006,175.16,2025-11-30,2025-11-30T18:51:00,supplier payment,GL-0006,E007,AE999996847741671717584,
R0007,V030,Vendor 030 LLC,AE07033000000000000000,"Street 7, Dubai",+97151197935,INV-2007,1975.3,2025-09-21,2025-09-21T11:59:00,supplier payment,GL-0007,E012,AE999994809447126899108,PO-3007
R0008,V011,Vendor 011 LLC,AE07033000000000000000,"Street 8, Dubai",+97155440561,INV-2008,4148.69,2025-09-21,2025-09-21T12:39:00,supplier payment,GL-0008,E008,AE999993956234207380025,PO-3008
R0009,V004,Vendor 004 LLC,AE07033000000000000000,"Street 9, Dubai",+97153539704,INV-2009,65714.36,2025-09-05,2025-09-05T14:57:00,supplier payment,GL-0000,E008,AE999991192348495817374,
R0010,V021,Vendor 021 LLC,AE07033000000000000000,"Street 10, Dubai",+97154443951,INV-2010,5588.68,2025-11-23,2025-11-23T18:23:00,supplier payment,GL-0001,E007,AE999992573743943012521,PO-3010
R0011,V009,Vendor 009 LLC,AE07033000000000000000,"Street 11, Dubai",+97156073292,INV-2011,7698.76,2025-11-11,2025-11-11T17:23:00,supplier payment,GL-0002,E008,AE999997194961785285104,PO-3011
R0012,V015,Vendor 015 LLC,AE07033000000000000000,"Street 12, Dubai",+97152564251,INV-2012,5337.1,2025-11-05,2025-11-05T08:57:00,supplier payment,GL-0003,E005,AE999991975263452806550,
R0013,V011,Vendor 011 LLC,AE07033000000000000000,"Street 13, Dubai",+97154218028,INV-2013,166.86,2025-11-16,2025-11-16T14:11:00,supplier payment,GL-0004,E014,AE999999531676901383682,PO-3013
R0014,V001,Vendor 001 LLC,AE07033000000000000000,"Street 14, Dubai",+97154924115,INV-2014,124956.71,2025-11-27,2025-11-27T12:36:00,supplier payment,GL-0005,E004,AE999992009543644396911,PO-3014
R0015,V028,Vendor 028 LLC,AE07033000000000000000,"Street 15, Dubai",+97152997281,INV-2015,102.65,2025-10-29,2025-10-29T12:43:00,supplier payment,GL-0006,E006,AE999999017760458582155,
R0016,V033,Vendor 033 LLC,AE07033000000000000000,"Street 16, Dubai",+97156273233,INV-2016,1108.04,2025-11-20,2025-11-20T18:14:00,supplier payment,GL-0007,E004,AE999992753306819286665,PO-3016
R0017,V011,Vendor 011 LLC,AE07033000000000000000,"Street 17, Dubai",+97156089806,INV-2017,12482.63,2025-09-06,2025-09-06T15:27:00,supplier payment,GL-0008,E017,AE999992015228803706242,PO-3017
R0018,V020,Vendor 020 LLC,AE07033000000000000000,"Street 18, Dubai",+97151437026,INV-2018,696.71,2025-09-08,2025-09-08T17:08:00,supplier payment,GL-0000,E008,AE999991418764908971894,
R0019,V032,Vendor 032 LLC,AE07033000000000000000,"Street 19, Dubai",+97154446912,INV-2019,9565.0,2025-11-08,2025-11-08T18:35:00,supplier payment,GL-0001,E003,AE999992974662350859696,PO-3019
R0020,V034,Vendor 034 LLC,AE07033000000000000000,"Street 20, Dubai",+97156693979,INV-2020,178318.84,2025-09-28,2025-09-28T11:10:00,supplier payment,GL-0002,E014,AE999995615380743836390,PO-3020
R0021,V024,Vendor 024 LLC,AE07033000000000000000,"Street 21, Dubai",+97155672134,INV-2021,3803.66,2025-11-06,2025-11-06T11:09:00,supplier payment,GL-0003,E015,AE999991153388662604751,
R0022,V002,Vendor 002 LLC,AE07033000000000000000,"Street 22, Dubai",+97151130789,INV-2022,589.88,2025-11-15,2025-11-15T09:34:00,supplier payment,GL-0004,E008,AE999994124246893812192,PO-3022
R0023,V003,Vendor 003 LLC,AE07033000000000000000,"Street 23, Dubai",+97153594297,INV-2023,6000,2025-09-10,2025-09-10T12:02:00,supplier payment,GL-0005,E011,AE999998744448913711271,PO-3023
R0024,V035,Vendor 035 LLC,AE07033000000000000000,"Street 24, Dubai",+97156829332,INV-2024,10393.0,2025-11-13,2025-11-13T11:20:00,supplier payment,GL-0006,E005,AE999998520325131981215,
R0025,V013,Vendor 013 LLC,AE07033000000000000000,"Street 25, Dubai",+97157835373,INV-2025,20250.68,2025-09-13,2025-09-13T13:01:00,supplier payment,GL-0007,E004,AE999997405758093174289,PO-3025
R0026,V004,Vendor 004 LLC,AE07033000000000000000,"Street 26, Dubai",+97153214348,INV-2026,2565.51,2025-09-08,2025-09-08T13:51:00,supplier payment,GL-0008,E004,AE999994479393660997159,PO-3026
R0027,V013,Vendor 013 LLC,AE07033000000000000000,"Street 27, Dubai",+97151264748,INV-2027,2996.3,2025-09-18,2025-09-18T12:28:00,supplier payment,GL-0000,E015,AE999994500114100898581,
R0028,V029,Vendor 029 LLC,AE07033000000000000000,"Street 28, Dubai",+97151564689,INV-2028,19164.93,2025-09-07,2025-09-07T16:17:00,supplier payment,GL-0001,E004,AE999990265853476398960,PO-3028
R0029,V016,Vendor 016 LLC,AE07033000000000000000,"Street 29, Dubai",+97156358113,INV-2029,5008.92,2025-10-23,2025-10-23T23:38:00,supplier payment,GL-0002,E006,AE999992965838378482384,PO-3029
R0030,V001,Vendor 001 LLC,AE07033000000000000000,"Street 30, Dubai",+97159324245,INV-2030,174909.44,2025-10-04,2025-10-04T15:26:00,supplier payment,GL-0003,E013,AE999997620222396012530,
R0031,V032,Vendor 032 LLC,AE07033000000000000000,"Street 31, Dubai",+97155261415,INV-2031,1092.64,2025-09-25,2025-09-25T08:22:00,test reversal correction,GL-0004,E005,AE999991098113797148176,PO-3031
R0032,V004,Vendor 004 LLC,AE07033000000000000000,"Street 32, Dubai",+97158519948,INV-2032,4664.01,2025-11-14,2025-11-14T16:49:00,supplier payment,GL-0005,E002,AE999991024651023975141,PO-3032
R0033,V006,Vendor 006 LLC,AE07033000000000000000,"Street 33, Dubai",+97156774229,INV-2033,12095.47,2025-09-09,2025-09-09T18:31:00,supplier payment,GL-0006,E006,AE999994237057658466028,
R0034,V008,Vendor 008 LLC,AE07033000000000000000,"Street 34, Dubai",+97159792396,INV-2034,12045.28,2025-11-15,2025-11-15T17:10:00,supplier payment,GL-0007,E008,AE999997552081866841428,PO-3034
R0035,V034,Vendor 034 LLC,AE07033000000000000000,"Street 35, Dubai",+97156640184,INV-2035,518.69,2025-10-04,2025-10-04T13:45:00,supplier payment,GL-0008,E011,AE999994784886650668509,PO-3035
R0036,V009,Vendor 009 LLC,AE07033000000000000000,"Street 36, Dubai",+97159445465,INV-2036,1278.26,2025-10-29,2025-10-29T09:49:00,supplier payment,GL-0000,E010,AE999998255734636773235,
R0037,V009,Vendor 009 LLC,AE07033000000000000000,"Street 37, Dubai",+97154781295,INV-2037,1278.26,2025-11-08,2025-11-08T12:43:00,supplier payment,GL-0001,E003,AE999996656805221002340,PO-3037
R0038,V011,Vendor 011 LLC,AE07033000000000000000,"Street 38, Dubai",+97159304682,INV-2038,9813.0,2025-11-09,2025-11-09T18:31:00,supplier payment,GL-0002,E015,AE999990140928738699343,PO-3038
R0039,V020,Vendor 020 LLC,AE07033000000000000000,"Street 39, Dubai",+97152607983,INV-2039,842.62,2025-09-18,2025-09-18T09:52:00,supplier payment,GL-0003,E004,AE999999965993762686235,
R0040,V018,Vendor 018 LLC,AE07033000000000000000,"Street 40, Dubai",+97158196204,INV-2040,546.01,2025-11-17,2025-11-17T13:15:00,supplier payment,GL-0004,E010,AE999999104640311587558,PO-3040
R0041,V017,Vendor 017 LLC,AE07033000000000000000,"Street 41, Dubai",+97150739653,INV-2041,16595.7,2025-09-12,2025-09-12T12:24:00,supplier payment,GL-0005,E002,AE0703300000000000000017,PO-3041
R0042,V001,Vendor 001 LLC,AE07033000000000000000,"Street 42, Dubai",+97157175395,INV-2042,16978.4,2025-09-17,2025-09-17T12:26:00,supplier payment,GL-0006,E011,AE999999938191148392905,
R0043,V001,Vendor 001 LLC,AE07033000000000000000,"Street 43, Dubai",+97156194416,INV-2043,203085.21,2025-09-10,2025-09-10T10:38:00,supplier payment,GL-0007,E004,AE999990649023441325627,PO-3043
R0044,V010,Vendor 010 LLC,AE07033000000000000000,"Street 44, Dubai",+97156003042,INV-2044,140.09,2025-09-17,2025-09-17T13:52:00,supplier payment,GL-0008,E014,AE999990718684869296433,PO-3044
R0045,V014,Vendor 014 LLC,AE07033000000000000000,"Street 45, Dubai",+97152726327,INV-2045,228.97,2025-11-25,2025-11-25T16:54:00,supplier payment,GL-0000,E008,AE999994264683180437173,
R0046,V012,Vendor 012 LLC,AE07033000000000000000,"Street 46, Dubai",+97152670896,INV-2046,0,2025-09-04,2025-09-04T13:24:00,supplier payment,GL-0001,E014,AE999994806344348001122,PO-3046
R0047,V007,Vendor 007 LLC,AE07033000000000000000,"Street 47, Dubai",+97155866294,INV-2047,101175.74,2025-09-05,2025-09-05T11:25:00,supplier payment,GL-0002,E013,AE999998292086849710578,PO-3047
R0048,V020,Vendor 020 LLC,AE07033000000000000000,"Street 48, Dubai",+97154674183,INV-2048,121.01,2025-09-29,2025-09-29T11:41:00,supplier payment,GL-0003,E008,AE999995913441533550032,
R0049,V005,Vendor 005 LLC,AE07033000000000000000,"Street 49, Dubai",+97155555772,INV-2049,17586.77,2025-10-15,2025-10-15T14:32:00,supplier payment,GL-0004,E009,AE999999659604115533197,PO-3049
R0050,V002,Vendor 002 LLC,AE07033000000000000000,"Street 50, Dubai",+97157290770,INV-2050,421.68,2025-10-04,2025-10-04T12:06:00,supplier payment,GL-0005,E004,AE999991952805829687618,PO-3050
R0051,V023,Vendor 023 LLC,AE07033000000000000000,"Street 51, Dubai",+97159673542,INV-2051,13235.21,2025-11-01,2025-11-01T16:45:00,supplier payment,GL-0006,E011,AE999996939061329262169,
R0052,V013,Vendor 013 LLC,AE07033000000000000000,"Street 52, Dubai",+97153305700,INV-2052,30251.61,2025-09-06,2025-09-06T08:11:00,supplier payment,GL-0007,E009,AE999999699890749210368,PO-3052
R0053,V024,Vendor 024 LLC,AE07033000000000000000,PO Box 1234,+97152090865,INV-2053,209440.52,2025-09-09,2025-09-09T13:18:00,supplier payment,GL-0008,E014,AE999995655001431481575,PO-3053
R0054,V020,Vendor 020 LLC,AE07033000000000000000,"Street 54, Dubai",+97152135534,INV-2054,21583.66,2025-10-10,2025-10-10T13:40:00,supplier payment,GL-0000,E017,AE999999987406550798112,
R0055,V013,Vendor 013 LLC,AE07033000000000000000,"Street 55, Dubai",+97156812810,INV-2055,195556.77,2025-11-25,2025-11-25T18:04:00,supplier payment,GL-0001,E014,AE999995421432287846873,PO-3055
R0056,V001,Vendor 001 LLC,AE07033000000000000000,"Street 56, Dubai",+97157411939,INV-2056,544.05,2025-10-07,2025-10-07T17:16:00,supplier payment,GL-0002,E010,AE999998376480396406010,PO-3056
R0057,V029,Vendor 029 LLC,AE07033000000000000000,"Street 57, Dubai",+97154761145,INV-2057,9961.0,2025-11-05,2025-11-05T10:00:00,supplier payment,GL-0003,E007,AE999991527542308303192,
R0058,V033,Vendor 033 LLC,AE07033000000000000000,"Street 58, Dubai",+97155207974,INV-2058,73195.12,2025-09-12,2025-09-12T23:46:00,supplier payment,GL-0004,E011,AE999994231018459076292,PO-3058
R0059,V015,Vendor 015 LLC,AE07033000000000000000,"Street 59, Dubai",+97151221854,INV-2059,121.76,2025-09-19,2025-09-19T11:08:00,supplier payment,GL-0005,E007,AE999998559298521283364,PO-3059
R0060,V030,Vendor 030 LLC,AE07033000000000000000,"Street 60, Dubai",+97154093379,INV-2060,10347.8,2025-11-20,2025-11-20T14:42:00,supplier payment,GL-0006,E014,AE999997199505477763221,
R0061,V010,Vendor 010 LLC,AE07033000000000000000,"Street 61, Dubai",+97150842524,INV-2061,53023.87,2025-09-14,2025-09-14T11:40:00,supplier payment,GL-0007,E001,AE999998368587087077651,PO-3061
R0062,V016,Vendor 016 LLC,AE07033000000000000000,"Street 62, Dubai",+97159377210,INV-2062,292.88,2025-10-29,2025-10-29T15:03:00,test reversal correction,GL-0008,E004,AE999999568021771608001,PO-3062
R0063,V021,Vendor 021 LLC,AE07033000000000000000,"Street 63, Dubai",+97157481188,INV-2063,71207.01,2025-11-18,2025-11-18T16:16:00,supplier payment,GL-0000,E015,AE999999869585338048953,
R0064,V011,Vendor 011 LLC,AE07033000000000000000,"Street 64, Dubai",+97158130188,INV-2064,807.55,2025-10-28,2025-10-28T11:18:00,supplier payment,GL-0001,E016,AE999999390902088151737,PO-3064
R0065,V016,Vendor 016 LLC,AE07033000000000000000,"Street 65, Dubai",+97155634586,INV-2065,186.72,2025-10-27,2025-10-27T12:47:00,supplier payment,GL-0002,E009,AE999994894781960865140,PO-3065
R0066,V021,Vendor 021 LLC,AE07033000000000000000,"Street 66, Dubai",+97153589533,INV-2066,337.22,2025-09-18,2025-09-18T14:29:00,supplier payment,GL-0003,E003,AE999992752694765138417,
R0067,V005,Vendor 005 LLC,AE07033000000000000000,"Street 67, Dubai",+97153470105,INV-2067,1439.08,2025-10-23,2025-10-23T15:13:00,supplier payment,GL-0004,E014,AE999991121679739727407,PO-3067
R0068,V027,Vendor 027 LLC,AE07033000000000000000,"Street 68, Dubai",+97150098919,INV-2068,204746.8,2025-11-15,2025-11-15T08:10:00,supplier payment,GL-0005,E013,AE999998592504616167092,PO-3068
R0069,V023,Vendor 023 LLC,AE07033000000000000000,"Street 69, Dubai",+97153700025,INV-2069,97000,2025-10-20,2025-10-20T14:03:00,supplier payment,GL-0006,E010,AE999999838244222007890,
R0070,V032,Vendor 032 LLC,AE07033000000000000000,"Street 70, Dubai",+97156783308,INV-2070,3352.94,2025-10-05,2025-10-05T08:02:00,supplier payment,GL-0007,E008,AE999996055171118081356,PO-3070
R0071,V011,Vendor 011 LLC,AE07033000000000000000,"Street 71, Dubai",+97157190929,INV-2071,270724.1,2025-09-17,2025-09-17T16:20:00,supplier payment,GL-0008,E015,AE999991512262396291327,PO-3071
R0072,V009,Vendor 009 LLC,AE07033000000000000000,"Street 72, Dubai",+97157628588,INV-2072,149.97,2025-09-24,2025-09-24T14:23:00,supplier payment,GL-0000,E015,AE999993812931637437032,
R0073,V021,Vendor 021 LLC,AE07033000000000000000,"Street 73, Dubai",+97150325197,INV-2073,941.67,2025-10-19,2025-10-19T14:24:00,supplier payment,GL-0001,E011,AE999998472291494579853,PO-3073
R0074,V021,Vendor 021 LLC,AE07033000000000000000,"Street 74, Dubai",+97150520596,INV-2074,941.67,2025-10-15,2025-10-15T09:07:00,supplier payment,GL-0002,E002,AE999990725225207063715,PO-3074
R0075,V016,Vendor 016 LLC,AE07033000000000000000,"Street 75, Dubai",+97151919136,INV-2075,14951.16,2025-09-03,2025-09-03T11:03:00,supplier payment,GL-0003,E007,AE999998530917988500628,
R0076,V014,Vendor 014 LLC,AE07033000000000000000,"Street 76, Dubai",+97152747534,INV-2076,9688.0,2025-11-29,2025-11-29T10:01:00,supplier payment,GL-0004,E015,AE999992063240949809788,PO-3076
R0077,V020,Vendor 020 LLC,AE07033000000000000000,"Street 77, Dubai",+97153327421,INV-2077,122.99,2025-11-14,2025-11-14T12:39:00,supplier payment,GL-0005,E004,AE999997145491457646057,PO-3077
R0078,V005,Vendor 005 LLC,AE07033000000000000000,"Street 78, Dubai",+97155825112,INV-2078,27553.42,2025-09-14,2025-09-14T12:59:00,supplier payment,GL-0006,E008,AE999990739837247932998,
R0079,V035,Vendor 035 LLC,AE07033000000000000000,"Street 79, Dubai",+97150212267,INV-2079,1981.52,2025-11-24,2025-11-24T16:50:00,supplier payment,GL-0007,E014,AE999996147075939329292,PO-3079
R0080,V027,Vendor 027 LLC,AE07033000000000000000,"Street 80, Dubai",+97152566765,INV-2080,3291.03,2025-09-14,2025-09-14T13:28:00,supplier payment,GL-0008,E016,AE999998281928866605442,PO-3080
R0081,V028,Vendor 028 LLC,AE07033000000000000000,"Street 81, Dubai",+97158111742,INV-2081,239418.7,2025-11-06,2025-11-06T12:50:00,supplier payment,GL-0000,E006,AE999999694861828296726,
R0082,V030,Vendor 030 LLC,AE07033000000000000000,"Street 82, Dubai",+97151453962,INV-2082,869.73,2025-11-15,2025-11-15T11:06:00,supplier payment,GL-0001,E014,AE0703300000000000000030,PO-3082
R0083,V018,Vendor 018 LLC,AE07033000000000000000,"Street 83, Dubai",+97150481506,INV-2083,42331.82,2025-10-02,2025-10-02T17:36:00,supplier payment,GL-0002,E015,AE999996059981439070571,PO-3083
R0084,V032,Vendor 032 LLC,AE07033000000000000000,"Street 84, Dubai",+97155709938,INV-2084,5086.57,2025-09-24,2025-09-24T13:55:00,supplier payment,GL-0003,E011,AE999994654064348347870,
R0085,V018,Vendor 018 LLC,AE07033000000000000000,"Street 85, Dubai",+97156818732,INV-2085,108.52,2025-11-15,2025-11-15T11:36:00,supplier payment,GL-0004,E009,AE999994347881660791591,PO-3085
R0086,V032,Vendor 032 LLC,AE07033000000000000000,"Street 86, Dubai",+97154936453,INV-2086,4637.95,2025-11-28,2025-11-28T15:02:00,supplier payment,GL-0005,E008,AE999991676300039884277,PO-3086
R0087,V015,Vendor 015 LLC,AE07033000000000000000,"Street 87, Dubai",+97159285735,INV-2087,710.51,2025-11-28,2025-11-28T23:21:00,supplier payment,GL-0006,E013,AE999998525503077556183,
R0088,V034,Vendor 034 LLC,AE07033000000000000000,"Street 88, Dubai",+97157612582,INV-2088,307758.55,2025-10-25,2025-10-25T16:26:00,supplier payment,GL-0007,E012,AE999996337655162715419,PO-3088
R0089,V018,Vendor 018 LLC,AE07033000000000000000,"Street 89, Dubai",+97158990305,INV-2089,641.04,2025-10-03,2025-10-03T11:33:00,supplier payment,GL-0008,E010,AE999992153704115912710,PO-3089
R0090,V012,Vendor 012 LLC,AE07033000000000000000,"Street 90, Dubai",+97153816534,INV-2090,38469.48,2025-09-28,2025-09-28T12:51:00,supplier payment,GL-0000,E007,AE999995336699562471577,
R0091,V024,Vendor 024 LLC,AE07033000000000000000,"Street 91, Dubai",+97150763626,INV-2091,112.08,2025-10-09,2025-10-09T16:50:00,supplier payment,GL-0001,E006,AE999994941553691245996,PO-3091
R0092,V004,Vendor 004 LLC,AE07033000000000000000,"Street 92, Dubai",+97150205779,INV-2092,202000,2025-11-29,2025-11-29T18:50:00,supplier payment,GL-0002,E010,AE999991848053521332720,PO-3092
R0093,V019,Vendor 019 LLC,AE07033000000000000000,"Street 93, Dubai",+97154235884,INV-2093,3480.49,2025-11-01,2025-11-01T10:39:00,test reversal correction,GL-0003,E016,AE999990925522354428571,
R0094,V031,Vendor 031 LLC,AE07033000000000000000,"Street 94, Dubai",+97152545556,INV-2094,2526.25,2025-09-09,2025-09-09T09:45:00,supplier payment,GL-0004,E004,AE999990965734934724890,PO-3094
R0095,V010,Vendor 010 LLC,AE07033000000000000000,"Street 95, Dubai",+97153786401,INV-2095,9560.0,2025-09-11,2025-09-11T16:17:00,supplier payment,GL-0005,E010,AE999997497126396465360,PO-3095
R0096,V034,Vendor 034 LLC,AE07033000000000000000,"Street 96, Dubai",+97155123430,INV-2096,151274.36,2025-10-28,2025-10-28T12:09:00,supplier payment,GL-0006,E013,AE999997725112819363920,
R0097,V004,Vendor 004 LLC,AE07033000000000000000,"Street 97, Dubai",+97152634980,INV-2097,15463.32,2025-09-27,2025-09-27T12:03:00,supplier payment,GL-0007,E004,AE999991462542280020370,PO-3097
R0098,V016,Vendor 016 LLC,AE07033000000000000000,"Street 98, Dubai",+97159962498,INV-2098,183.12,2025-11-10,2025-11-10T08:43:00,supplier payment,GL-0008,E006,AE999998115552913759117,PO-3098
R0099,V031,Vendor 031 LLC,AE07033000000000000000,"Street 99, Dubai",+97153916201,INV-2099,645.9,2025-09-05,2025-09-05T12:08:00,supplier payment,GL-0000,E010,AE999991282260141303202,
R0100,V017,Vendor 017 LLC,AE07033000000000000000,"Street 100, Dubai",+97154456573,INV-2100,252.18,2025-10-25,2025-10-25T11:13:00,supplier payment,GL-0001,E007,AE999992683953614644130,PO-3100
R0101,V010,Vendor 010 LLC,AE07033000000000000000,"Street 101, Dubai",+97157367772,INV-2101,380.83,2025-09-08,2025-09-08T12:19:00,supplier payment,GL-0002,E003,AE999995199147767645718,PO-3101
R0102,V008,Vendor 008 LLC,AE07033000000000000000,"Street 102, Dubai",+97158396529,INV-2102,1159.63,2025-11-29,2025-11-29T14:49:00,supplier payment,GL-0003,E015,AE999994904354189621992,
R0103,V035,Vendor 035 LLC,AE07033000000000000000,"Street 103, Dubai",+97155407658,INV-2103,191.23,2025-10-27,2025-10-27T08:46:00,supplier payment,GL-0004,E016,AE999997782737963464700,PO-3103
R0104,V017,Vendor 017 LLC,AE07033000000000000000,"Street 104, Dubai",+97154521644,INV-2104,632.75,2025-09-12,2025-09-12T18:02:00,supplier payment,GL-0005,E001,AE999990373717777955540,PO-3104
R0105,V003,Vendor 003 LLC,AE07033000000000000000,"Street 105, Dubai",+97153044882,INV-2105,6551.99,2025-10-31,2025-10-31T15:24:00,supplier payment,GL-0006,E006,AE999995010826314628864,
R0106,V028,Vendor 028 LLC,AE07033000000000000000,PO Box 1234,+97151754894,INV-2106,4416.07,2025-09-12,2025-09-12T14:03:00,supplier payment,GL-0007,E016,AE999995783668816851710,PO-3106
R0107,V011,Vendor 011 LLC,AE07033000000000000000,"Street 107, Dubai",+97150615675,INV-2107,26782.92,2025-10-23,2025-10-23T12:14:00,supplier payment,GL-0008,E011,AE999999909661049298173,PO-3107
R0108,V030,Vendor 030 LLC,AE07033000000000000000,"Street 108, Dubai",+97159103209,INV-2108,764.53,2025-10-11,2025-10-11T09:30:00,supplier payment,GL-0000,E003,AE999990020736051077512,
R0109,V030,Vendor 030 LLC,AE07033000000000000000,"Street 109, Dubai",+97154480460,INV-2109,453.46,2025-09-07,2025-09-07T13:06:00,supplier payment,GL-0001,E014,AE999993666978874486268,PO-3109
R0110,V009,Vendor 009 LLC,AE07033000000000000000,"Street 110, Dubai",+97154014745,INV-2110,121049.54,2025-10-27,2025-10-27T15:13:00,supplier payment,GL-0002,E010,AE999990520065226491830,PO-3110
R0111,V009,Vendor 009 LLC,AE07033000000000000000,"Street 111, Dubai",+97151903561,INV-2111,121049.54,2025-11-10,2025-11-10T14:37:00,supplier payment,GL-0003,E010,AE999994047843868053247,
R0112,V030,Vendor 030 LLC,AE07033000000000000000,"Street 112, Dubai",+97154587308,INV-2112,81752.51,2025-11-22,2025-11-22T15:50:00,supplier payment,GL-0004,E004,AE999999167020536328302,PO-3112
R0113,V027,Vendor 027 LLC,AE07033000000000000000,"Street 113, Dubai",+97153197911,INV-2113,712.95,2025-10-31,2025-10-31T16:15:00,supplier payment,GL-0005,E016,AE999996910070424551809,PO-3113
R0114,V033,Vendor 033 LLC,AE07033000000000000000,"Street 114, Dubai",+97154482413,INV-2114,9904.0,2025-09-09,2025-09-09T14:07:00,supplier payment,GL-0006,E005,AE999999146591506585887,
R0115,V001,Vendor 001 LLC,AE07033000000000000000,"Street 115, Dubai",+97159035882,INV-2115,85000,2025-10-09,2025-10-09T17:53:00,supplier payment,GL-0007,E010,AE999998044281110092130,PO-3115
R0116,V031,Vendor 031 LLC,AE07033000000000000000,"Street 116, Dubai",+97157639414,INV-2116,8544.98,2025-10-13,2025-10-13T23:33:00,supplier payment,GL-0008,E012,AE999996795211826936733,PO-3116
R0117,V021,Vendor 021 LLC,AE07033000000000000000,"Street 117, Dubai",+97150732280,INV-2117,685.2,2025-11-29,2025-11-29T14:22:00,supplier payment,GL-0000,E007,AE999997399866909725999,
R0118,V021,Vendor 021 LLC,AE07033000000000000000,"Street 118, Dubai",+97158310235,INV-2118,157400.31,2025-11-30,2025-11-30T14:36:00,supplier payment,GL-0001,E016,AE999992740085973247451,PO-3118
R0119,V003,Vendor 003 LLC,AE07033000000000000000,"Street 119, Dubai",+97157387112,INV-2119,239187.0,2025-11-08,2025-11-08T13:56:00,supplier payment,GL-0002,E005,AE999991808008873291287,PO-3119
R0120,V007,Vendor 007 LLC,AE07033000000000000000,"Street 120, Dubai",+97157876745,INV-2120,113.17,2025-10-29,2025-10-29T10:31:00,supplier payment,GL-0003,E017,AE999991347984738760591,
R0121,V017,Vendor 017 LLC,AE07033000000000000000,"Street 121, Dubai",+97155312692,INV-2121,26574.56,2025-11-19,2025-11-19T18:21:00,supplier payment,GL-0004,E011,AE999996845638995835093,PO-3121
R0122,V032,Vendor 032 LLC,AE07033000000000000000,"Street 122, Dubai",+97151651601,INV-2122,173.57,2025-11-19,2025-11-19T18:15:00,supplier payment,GL-0005,E002,AE999997817734220093853,PO-3122
R0123,V007,Vendor 007 LLC,AE07033000000000000000,"Street 123, Dubai",+97150771600,INV-2123,26853.7,2025-09-22,2025-09-22T08:40:00,supplier payment,GL-0006,E015,AE0703300000000000000007,
R0124,V021,Vendor 021 LLC,AE07033000000000000000,"Street 124, Dubai",+97158911492,INV-2124,1797.3,2025-10-08,2025-10-08T14:24:00,test reversal correction,GL-0007,E002,AE999994399069338537952,PO-3124
R0125,V027,Vendor 027 LLC,AE07033000000000000000,"Street 125, Dubai",+97154040453,INV-2125,409.96,2025-09-22,2025-09-22T17:20:00,supplier payment,GL-0008,E006,AE999996891308831430671,PO-3125
R0126,V032,Vendor 032 LLC,AE07033000000000000000,"Street 126, Dubai",+97150157662,INV-2126,4111.73,2025-09-30,2025-09-30T12:52:00,supplier payment,GL-0000,E005,AE999994599555465570689,
R0127,V030,Vendor 030 LLC,AE07033000000000000000,"Street 127, Dubai",+97157118722,INV-2127,8186.41,2025-11-26,2025-11-26T09:42:00,supplier payment,GL-0001,E010,AE999995389082673486180,PO-3127
R0128,V017,Vendor 017 LLC,AE07033000000000000000,"Street 128, Dubai",+97151789344,INV-2128,498.03,2025-10-09,2025-10-09T14:01:00,supplier payment,GL-0002,E015,AE999998704704078164306,PO-3128
R0129,V016,Vendor 016 LLC,AE07033000000000000000,"Street 129, Dubai",+97156640518,INV-2129,1804.5,2025-11-13,2025-11-13T12:12:00,supplier payment,GL-0003,E013,AE999990395228453551664,
R0130,V018,Vendor 018 LLC,AE07033000000000000000,"Street 130, Dubai",+97154801541,INV-2130,106594.77,2025-11-12,2025-11-12T08:46:00,supplier payment,GL-0004,E001,AE999998948245439158839,PO-3130
R0131,V015,Vendor 015 LLC,AE07033000000000000000,"Street 131, Dubai",+97157395785,INV-2131,16910.74,2025-09-29,2025-09-29T17:15:00,supplier payment,GL-0005,E012,AE999995565238402849054,PO-3131
R0132,V003,Vendor 003 LLC,AE07033000000000000000,"Street 132, Dubai",+97153368777,INV-2132,206.76,2025-09-17,2025-09-17T12:59:00,supplier payment,GL-0006,E012,AE999993164048356960544,
R0133,V009,Vendor 009 LLC,AE07033000000000000000,"Street 133, Dubai",+97155682698,INV-2133,9639.0,2025-11-07,2025-11-07T10:14:00,supplier payment,GL-0007,E012,AE999995316795019167661,PO-3133
R0134,V008,Vendor 008 LLC,AE07033000000000000000,"Street 134, Dubai",+97159350154,INV-2134,310.92,2025-09-10,2025-09-10T11:04:00,supplier payment,GL-0008,E015,AE999997159130575699619,PO-3134
R0135,V024,Vendor 024 LLC,AE07033000000000000000,"Street 135, Dubai",+97156183841,INV-2135,111.87,2025-10-21,2025-10-21T16:14:00,supplier payment,GL-0000,E003,AE999998192693597602536,
R0136,V017,Vendor 017 LLC,AE07033000000000000000,"Street 136, Dubai",+97157910069,INV-2136,195443.68,2025-11-22,2025-11-22T09:38:00,supplier payment,GL-0001,E013,AE999994212163224934048,PO-3136
R0137,V002,Vendor 002 LLC,AE07033000000000000000,"Street 137, Dubai",+97156850067,INV-2137,595.37,2025-11-18,2025-11-18T09:17:00,supplier payment,GL-0002,E011,AE999995443775274535710,PO-3137
R0138,V008,Vendor 008 LLC,AE07033000000000000000,"Street 138, Dubai",+97151948178,INV-2138,205000,2025-09-06,2025-09-06T12:37:00,supplier payment,GL-0003,E005,AE999998874338718914726,
R0139,V007,Vendor 007 LLC,AE07033000000000000000,"Street 139, Dubai",+97159853935,INV-2139,298.42,2025-11-08,2025-11-08T15:01:00,supplier payment,GL-0004,E008,AE999997550318603275821,PO-3139
R0140,V010,Vendor 010 LLC,AE07033000000000000000,"Street 140, Dubai",+97154693260,INV-2140,222.11,2025-11-23,2025-11-23T15:41:00,supplier payment,GL-0005,E014,AE999997351964452741681,PO-3140
R0141,V003,Vendor 003 LLC,AE07033000000000000000,"Street 141, Dubai",+97151666893,INV-2141,3563.2,2025-09-28,2025-09-28T11:34:00,supplier payment,GL-0006,E012,AE999996533572349315241,
R0142,V024,Vendor 024 LLC,AE07033000000000000000,"Street 142, Dubai",+97157628891,INV-2142,2474.51,2025-09-08,2025-09-08T11:34:00,supplier payment,GL-0007,E012,AE999992200633731737568,PO-3142
R0143,V006,Vendor 006 LLC,AE07033000000000000000,"Street 143, Dubai",+97152112652,INV-2143,17307.14,2025-11-22,2025-11-22T08:09:00,supplier payment,GL-0008,E007,AE999994387744316971810,PO-3143
R0144,V014,Vendor 014 LLC,AE07033000000000000000,"Street 144, Dubai",+97152475548,INV-2144,530.95,2025-11-10,2025-11-10T11:12:00,supplier payment,GL-0000,E003,AE999995918800942058799,
R0145,V001,Vendor 001 LLC,AE07033000000000000000,"Street 145, Dubai",+97152927575,INV-2145,285986.52,2025-09-19,2025-09-19T23:52:00,supplier payment,GL-0001,E009,AE999994515383042871164,PO-3145
R0146,V008,Vendor 008 LLC,AE07033000000000000000,"Street 146, Dubai",+97150264762,INV-2146,112.72,2025-09-17,2025-09-17T11:49:00,supplier payment,GL-0002,E001,AE999995832546642235563,PO-3146
R0147,V012,Vendor 012 LLC,AE07033000000000000000,"Street 147, Dubai",+97151066326,INV-2147,277.75,2025-09-07,2025-09-07T14:21:00,supplier payment,GL-0003,E009,AE999992047322975210124,
R0148,V012,Vendor 012 LLC,AE07033000000000000000,"Street 148, Dubai",+97153716988,INV-2148,277.75,2025-10-17,2025-10-17T09:58:00,supplier payment,GL-0004,E015,AE999999076350169555099,PO-3148
R0149,V003,Vendor 003 LLC,AE07033000000000000000,"Street 149, Dubai",+97151811298,INV-2149,4010.04,2025-10-09,2025-10-09T08:22:00,supplier payment,GL-0005,E017,AE999997679063947764593,PO-3149
R0150,V032,Vendor 032 LLC,AE07033000000000000000,"Street 150, Dubai",+97151101965,INV-2150,140421.52,2025-09-10,2025-09-10T13:15:00,supplier payment,GL-0006,E015,AE999992672146580595029,
R0151,V009,Vendor 009 LLC,AE07033000000000000000,"Street 151, Dubai",+97156390515,INV-2151,16434.96,2025-11-19,2025-11-19T16:11:00,supplier payment,GL-0007,E009,AE999995858020622837066,PO-3151
R0152,V034,Vendor 034 LLC,AE07033000000000000000,"Street 152, Dubai",+97157215376,INV-2152,9720.0,2025-10-29,2025-10-29T09:58:00,supplier payment,GL-0008,E010,AE999993873514462439326,PO-3152
R0153,V029,Vendor 029 LLC,AE07033000000000000000,"Street 153, Dubai",+97151595275,INV-2153,1535.54,2025-10-25,2025-10-25T15:56:00,supplier payment,GL-0000,E008,AE999997493804816019049,
R0154,V021,Vendor 021 LLC,AE07033000000000000000,"Street 154, Dubai",+97157956894,INV-2154,21275.39,2025-10-11,2025-10-11T13:32:00,supplier payment,GL-0001,E014,AE999992749702288090028,PO-3154
R0155,V005,Vendor 005 LLC,AE07033000000000000000,"Street 155, Dubai",+97152050700,INV-2155,211.99,2025-09-11,2025-09-11T09:16:00,test reversal correction,GL-0002,E003,AE999995938374519716714,PO-3155
R0156,V027,Vendor 027 LLC,AE07033000000000000000,"Street 156, Dubai",+97154825620,INV-2156,196768.03,2025-11-25,2025-11-25T14:44:00,supplier payment,GL-0003,E012,AE999990926771140062917,
R0157,V020,Vendor 020 LLC,AE07033000000000000000,"Street 157, Dubai",+97151815603,INV-2157,10536.95,2025-09-14,2025-09-14T11:33:00,supplier payment,GL-0004,E012,AE999994039637856207800,PO-3157
R0158,V023,Vendor 023 LLC,AE07033000000000000000,"Street 158, Dubai",+97154487028,INV-2158,46678.8,2025-09-15,2025-09-15T17:04:00,supplier payment,GL-0005,E012,AE999990472947009945404,PO-3158
R0159,V002,Vendor 002 LLC,AE07033000000000000000,PO Box 1234,+97155889195,INV-2159,28803.53,2025-10-05,2025-10-05T12:31:00,supplier payment,GL-0006,E006,AE999996121736809079303,
R0160,V001,Vendor 001 LLC,AE07033000000000000000,"Street 160, Dubai",+97150514340,INV-2160,9596.74,2025-09-19,2025-09-19T14:37:00,supplier payment,GL-0007,E006,AE999992555785012861362,PO-3160
R0161,V006,Vendor 006 LLC,AE07033000000000000000,"Street 161, Dubai",+97156208460,INV-2161,2000,2025-09-28,2025-09-28T15:40:00,supplier payment,GL-0008,E017,AE999992835633362236822,PO-3161
R0162,V020,Vendor 020 LLC,AE07033000000000000000,"Street 162, Dubai",+97150834876,INV-2162,12211.9,2025-11-12,2025-11-12T08:40:00,supplier payment,GL-0000,E011,AE999992835641156244918,
R0163,V006,Vendor 006 LLC,AE07033000000000000000,"Street 163, Dubai",+97156948850,INV-2163,20738.89,2025-10-27,2025-10-27T15:48:00,supplier payment,GL-0001,E009,AE999997963159736964429,PO-3163
R0164,V018,Vendor 018 LLC,AE07033000000000000000,"Street 164, Dubai",+97151860421,INV-2164,250.24,2025-11-05,2025-11-05T14:08:00,supplier payment,GL-0002,E007,AE0703300000000000000018,PO-3164
R0165,V019,Vendor 019 LLC,AE07033000000000000000,"Street 165, Dubai",+97150919088,INV-2165,21625.39,2025-11-07,2025-11-07T08:48:00,supplier payment,GL-0003,E016,AE999997120429658662271,
R0166,V001,Vendor 001 LLC,AE07033000000000000000,"Street 166, Dubai",+97154856117,INV-2166,203532.75,2025-10-09,2025-10-09T10:39:00,supplier payment,GL-0004,E007,AE999994603031402318959,PO-3166
R0167,V021,Vendor 021 LLC,AE07033000000000000000,"Street 167, Dubai",+97156378822,INV-2167,5506.16,2025-09-01,2025-09-01T14:03:00,supplier payment,GL-0005,E004,AE999992327203014137264,PO-3167
R0168,V035,Vendor 035 LLC,AE07033000000000000000,"Street 168, Dubai",+97151209226,INV-2168,9026.77,2025-11-04,2025-11-04T18:00:00,supplier payment,GL-0006,E008,AE999996380108661334710,
R0169,V026,Vendor 026 LLC,AE07033000000000000000,"Street 169, Dubai",+97159659635,INV-2169,116.3,2025-10-26,2025-10-26T09:57:00,supplier payment,GL-0007,E002,AE999995639600705060339,PO-3169
R0170,V028,Vendor 028 LLC,AE07033000000000000000,"Street 170, Dubai",+97150349914,INV-2170,17397.86,2025-12-06,2025-12-06T12:42:00,supplier payment,GL-0008,E013,AE999997296411196194968,PO-3170
R0171,V021,Vendor 021 LLC,AE07033000000000000000,"Street 171, Dubai",+97151776088,INV-2171,9853.0,2025-11-19,2025-11-19T13:45:00,supplier payment,GL-0000,E006,AE999997867096269565458,
R0172,V016,Vendor 016 LLC,AE07033000000000000000,"Street 172, Dubai",+97155587964,INV-2172,2521.01,2025-11-15,2025-11-15T09:53:00,supplier payment,GL-0001,E014,AE999993991486365063091,PO-3172
R0173,V011,Vendor 011 LLC,AE07033000000000000000,"Street 173, Dubai",+97155861544,INV-2173,16454.56,2025-11-05,2025-11-05T16:18:00,supplier payment,GL-0002,E003,AE999993493060437358567,PO-3173
R0174,V023,Vendor 023 LLC,AE07033000000000000000,"Street 174, Dubai",+97152910830,INV-2174,228.99,2025-10-01,2025-10-01T23:56:00,supplier payment,GL-0003,E005,AE999993553730054529579,
R0175,V010,Vendor 010 LLC,AE07033000000000000000,"Street 175, Dubai",+97159457911,INV-2175,213561.27,2025-09-23,2025-09-23T18:10:00,supplier payment,GL-0004,E003,AE999998357836681540633,PO-3175
R0176,V029,Vendor 029 LLC,AE07033000000000000000,"Street 176, Dubai",+97157419020,INV-2176,1277.87,2025-11-20,2025-11-20T15:51:00,supplier payment,GL-0005,E011,AE999998447329086158171,PO-3176
R0177,V020,Vendor 020 LLC,AE07033000000000000000,"Street 177, Dubai",+97157746753,INV-2177,157.25,2025-11-15,2025-11-15T16:28:00,supplier payment,GL-0006,E009,AE999995591807219869887,
R0178,V029,Vendor 029 LLC,AE07033000000000000000,"Street 178, Dubai",+97159967005,INV-2178,1952.46,2025-09-08,2025-09-08T12:02:00,supplier payment,GL-0007,E002,AE999991626636637471143,PO-3178
R0179,V033,Vendor 033 LLC,AE07033000000000000000,"Street 179, Dubai",+97155394323,INV-2179,10743.68,2025-10-30,2025-10-30T08:26:00,supplier payment,GL-0008,E013,AE999993391021213733336,PO-3179
R0180,V031,Vendor 031 LLC,AE07033000000000000000,"Street 180, Dubai",+97158464927,INV-2180,224920.09,2025-09-20,2025-09-20T15:43:00,supplier payment,GL-0000,E017,AE999991519141590491735,
R0181,V012,Vendor 012 LLC,AE07033000000000000000,"Street 181, Dubai",+97152663319,INV-2181,29969.26,2025-10-02,2025-10-02T15:42:00,supplier payment,GL-0001,E002,AE999999416992925244253,PO-3181
R0182,V024,Vendor 024 LLC,AE07033000000000000000,"Street 182, Dubai",+97155531293,INV-2182,2269.65,2025-10-07,2025-10-07T13:32:00,supplier payment,GL-0002,E012,AE999991187362326156397,PO-3182
R0183,V007,Vendor 007 LLC,AE07033000000000000000,"Street 183, Dubai",+97151367376,INV-2183,762.05,2025-10-07,2025-10-07T18:15:00,supplier payment,GL-0003,E013,AE999996005314113428942,
R0184,V010,Vendor 010 LLC,AE07033000000000000000,"Street 184, Dubai",+97159983135,INV-2184,244000,2025-10-10,2025-10-10T18:45:00,supplier payment,GL-0004,E012,AE999992322986285095876,PO-3184
R0185,V010,Vendor 010 LLC,AE07033000000000000000,"Street 185, Dubai",+97158831414,INV-2185,244000.0,2025-11-11,2025-11-11T13:58:00,supplier payment,GL-0005,E010,AE999992302127438094529,PO-3185
R0186,V006,Vendor 006 LLC,AE07033000000000000000,"Street 186, Dubai",+97153593556,INV-2186,1846.71,2025-11-05,2025-11-05T13:44:00,test reversal correction,GL-0006,E014,AE999993247327314827484,
R0187,V022,Vendor 022 LLC,AE07033000000000000000,"Street 187, Dubai",+97154962567,INV-2187,620.73,2025-09-27,2025-09-27T10:27:00,supplier payment,GL-0007,E016,AE999991390079715736764,PO-3187
R0188,V007,Vendor 007 LLC,AE07033000000000000000,"Street 188, Dubai",+97152722056,INV-2188,83737.38,2025-11-09,2025-11-09T16:27:00,supplier payment,GL-0008,E017,AE999992778768149100193,PO-3188
R0189,V012,Vendor 012 LLC,AE07033000000000000000,"Street 189, Dubai",+97158959220,INV-2189,142.21,2025-10-27,2025-10-27T13:35:00,supplier payment,GL-0000,E006,AE999994215422134841710,
R0190,V016,Vendor 016 LLC,AE07033000000000000000,"Street 190, Dubai",+97154727345,INV-2190,9599.0,2025-10-31,2025-10-31T13:17:00,supplier payment,GL-0001,E010,AE999998316888233475544,PO-3190
R0191,V025,Vendor 025 LLC,AE07033000000000000000,"Street 191, Dubai",+97152321942,INV-2191,2919.53,2025-11-07,2025-11-07T10:54:00,supplier payment,GL-0002,E017,AE999993597433755912384,PO-3191
R0192,V017,Vendor 017 LLC,AE07033000000000000000,"Street 192, Dubai",+97152091745,INV-2192,4809.14,2025-11-22,2025-11-22T13:38:00,supplier payment,GL-0003,E002,AE999999293797465548141,
R0193,V019,Vendor 019 LLC,AE07033000000000000000,"Street 193, Dubai",+97153725179,INV-2193,901.09,2025-09-21,2025-09-21T16:49:00,supplier payment,GL-0004,E003,AE999991652164128551859,PO-3193
R0194,V029,Vendor 029 LLC,AE07033000000000000000,"Street 194, Dubai",+97153955699,INV-2194,2832.3,2025-09-04,2025-09-04T14:34:00,supplier payment,GL-0005,E012,AE999996736692719618504,PO-3194
R0195,V025,Vendor 025 LLC,AE07033000000000000000,"Street 195, Dubai",+97155625238,INV-2195,610.78,2025-10-18,2025-10-18T13:37:00,supplier payment,GL-0006,E003,AE999991784923686607709,
R0196,V010,Vendor 010 LLC,AE07033000000000000000,"Street 196, Dubai",+97157526283,INV-2196,1009.43,2025-09-05,2025-09-05T15:35:00,supplier payment,GL-0007,E005,AE999998450737732191436,PO-3196
R0197,V001,Vendor 001 LLC,AE07033000000000000000,"Street 197, Dubai",+97151865405,INV-2197,786.56,2025-09-03,2025-09-03T10:01:00,supplier payment,GL-0008,E003,AE999997624681613691012,PO-3197
R0198,V019,Vendor 019 LLC,AE07033000000000000000,"Street 198, Dubai",+97151859886,INV-2198,266.97,2025-10-09,2025-10-09T11:11:00,supplier payment,GL-0000,E008,AE999991131433788007925,
R0199,V032,Vendor 032 LLC,AE07033000000000000000,"Street 199, Dubai",+97154886733,INV-2199,6365.24,2025-11-20,2025-11-20T11:49:00,supplier payment,GL-0001,E001,AE999992586449571644786,PO-3199
R0200,V028,Vendor 028 LLC,AE07033000000000000000,"Street 200, Dubai",+97151436363,INV-2200,1717.34,2025-11-18,2025-11-18T17:58:00,supplier payment,GL-0002,E001,AE999993374347140213919,PO-3200
R0201,V034,Vendor 034 LLC,AE07033000000000000000,"Street 201, Dubai",+97159297127,INV-2201,217226.53,2025-09-09,2025-09-09T16:04:00,supplier payment,GL-0003,E012,AE999999144517899012826,
R0202,V002,Vendor 002 LLC,AE07033000000000000000,"Street 202, Dubai",+97154255545,INV-2202,142.03,2025-10-31,2025-10-31T14:20:00,supplier payment,GL-0004,E013,AE999996724819192473165,PO-3202
R0203,V002,Vendor 002 LLC,AE07033000000000000000,"Street 203, Dubai",+97159762717,INV-2203,1609.94,2025-09-09,2025-09-09T23:02:00,supplier payment,GL-0005,E012,AE999991867441593742024,PO-3203
R0204,V022,Vendor 022 LLC,AE07033000000000000000,"Street 204, Dubai",+97153058117,INV-2204,1710.2,2025-09-06,2025-09-06T13:18:00,supplier payment,GL-0006,E005,AE999998620453321312187,
R0205,V009,Vendor 009 LLC,AE07033000000000000000,"Street 205, Dubai",+97150734947,INV-2205,134.72,2025-10-29,2025-10-29T11:58:00,supplier payment,GL-0007,E003,AE0703300000000000000009,PO-3205
R0206,V013,Vendor 013 LLC,AE07033000000000000000,"Street 206, Dubai",+97157942330,INV-2206,184841.05,2025-10-11,2025-10-11T16:39:00,supplier payment,GL-0008,E002,AE999999782371339367406,PO-3206
R0207,V017,Vendor 017 LLC,AE07033000000000000000,"Street 207, Dubai",+97154583814,INV-2207,0,2025-11-22,2025-11-22T13:45:00,supplier payment,GL-0000,E002,AE999995979426221064908,
R0208,V008,Vendor 008 LLC,AE07033000000000000000,"Street 208, Dubai",+97153134272,INV-2208,129778.52,2025-10-26,2025-10-26T15:03:00,supplier payment,GL-0001,E012,AE999996107539644819159,PO-3208
R0209,V032,Vendor 032 LLC,AE07033000000000000000,"Street 209, Dubai",+97157121922,INV-2209,9765.0,2025-10-18,2025-10-18T12:12:00,supplier payment,GL-0002,E016,AE999991488196724066946,PO-3209
R0210,V006,Vendor 006 LLC,AE07033000000000000000,"Street 210, Dubai",+97155389033,INV-2210,303979.0,2025-11-17,2025-11-17T10:52:00,supplier payment,GL-0003,E014,AE999995292024821724620,
R0211,V007,Vendor 007 LLC,AE07033000000000000000,"Street 211, Dubai",+97152795835,INV-2211,20569.19,2025-10-12,2025-10-12T12:50:00,supplier payment,GL-0004,E003,AE999997676226331787685,PO-3211
R0212,V029,Vendor 029 LLC,AE07033000000000000000,PO Box 1234,+97150962308,INV-2212,140.68,2025-10-28,2025-10-28T13:36:00,supplier payment,GL-0005,E012,AE999994945948767175363,PO-3212
R0213,V005,Vendor 005 LLC,AE07033000000000000000,"Street 213, Dubai",+97157351320,INV-2213,6248.86,2025-10-17,2025-10-17T18:39:00,supplier payment,GL-0006,E013,AE999992572084248630512,
R0214,V003,Vendor 003 LLC,AE07033000000000000000,"Street 214, Dubai",+97156423230,INV-2214,669.86,2025-09-09,2025-09-09T18:04:00,supplier payment,GL-0007,E005,AE999996523923752006630,PO-3214
R0215,V003,Vendor 003 LLC,AE07033000000000000000,"Street 215, Dubai",+97151289923,INV-2215,3756.03,2025-11-26,2025-11-26T13:43:00,supplier payment,GL-0008,E005,AE999997997299422414044,PO-3215
R0216,V009,Vendor 009 LLC,AE07033000000000000000,"Street 216, Dubai",+97151903351,INV-2216,2472.4,2025-10-17,2025-10-17T18:29:00,supplier payment,GL-0000,E017,AE999994496604322608763,
R0217,V002,Vendor 002 LLC,AE07033000000000000000,"Street 217, Dubai",+97154366937,INV-2217,6487.96,2025-11-03,2025-11-03T16:32:00,test reversal correction,GL-0001,E006,AE999994715745747768760,PO-3217
R0218,V029,Vendor 029 LLC,AE07033000000000000000,"Street 218, Dubai",+97152277144,INV-2218,998.89,2025-11-18,2025-11-18T15:25:00,supplier payment,GL-0002,E007,AE999992209237547541316,PO-3218
R0219,V005,Vendor 005 LLC,AE07033000000000000000,"Street 219, Dubai",+97155361793,INV-2219,139757.98,2025-09-23,2025-09-23T15:30:00,supplier payment,GL-0003,E015,AE999991581501435909846,
