record_id,journal_id,posting_date,posting_datetime,entry_date,entry_type,entered_by,debit_account,credit_account,amount,debit_amount,credit_amount,description,period_close_date,reverses_journal_id
R0000,JE-4000,2025-11-05,2025-11-05T23:37:00,2025-11-10,auto,john.c,GL-9320,GL-4111,107176.11,107176.11,107136.83,test plug adjustment,2025-10-31,
R0001,JE-4001,2025-09-24,2025-09-24T17:50:00,2025-09-24,auto,ahmed.r,GL-2542,GL-8316,65110.51,65110.51,65110.51,monthly accrual,2025-10-31,
R0002,JE-4002,2025-10-09,2025-10-09T18:59:00,2025-10-09,auto,sarah.k,GL-7490,GL-8421,313.53,313.53,313.53,monthly accrual,2025-10-31,
R0003,JE-4003,2025-11-23,2025-11-23T17:27:00,2025-11-23,auto,sarah.k,GL-9656,GL-2034,38566.09,38566.09,38566.09,monthly accrual,2025-10-31,
R0004,JE-4004,2025-09-08,2025-09-08T17:54:00,2025-09-08,auto,sarah.k,GL-8601,GL-6345,133.29,133.29,133.29,monthly accrual,2025-10-31,
R0005,JE-4005,2025-10-27,2025-10-27T11:20:00,2025-10-27,manual,fatima.a,GL-5819,GL-9188,11704.64,11704.64,11704.64,monthly accrual,2025-10-31,
R0006,JE-4006,2025-09-01,2025-09-01T12:13:00,2025-09-01,auto,john.c,GL-2363,GL-5161,20824.44,20824.44,20824.44,monthly accrual,2025-10-31,
R0007,JE-4007,2025-10-11,2025-10-11T08:16:00,2025-10-11,auto,sarah.k,GL-2768,GL-7560,44974.38,44974.38,44974.38,monthly accrual,2025-10-31,
R0008,JE-4008,2025-09-14,2025-09-14T08:47:00,2025-09-14,manual,fatima.a,GL-1008,GL-4498,91842.28,91842.28,91842.28,monthly accrual,2025-10-31,
R0009,JE-4009,2025-09-27,2025-09-27T14:37:00,2025-09-27,manual,fatima.a,GL-7511,GL-7877,175649.74,175649.74,175649.74,monthly accrual,2025-10-31,
R0010,JE-4010,2025-09-10,2025-09-10T18:10:00,2025-09-10,manual,priya.s,GL-6519,GL-2427,9590.61,9590.61,9590.61,monthly accrual,2025-10-31,
R0011,JE-4011,2025-10-10,2025-10-10T09:55:00,2025-10-10,auto,ahmed.r,GL-5036,GL-2655,1458.98,1458.98,1458.98,monthly accrual,2025-10-31,
R0012,JE-4012,2025-09-02,2025-09-02T10:18:00,2025-09-02,auto,fatima.a,GL-4086,GL-8330,162.04,162.04,162.04,monthly accrual,2025-10-31,
R0013,JE-4013,2025-11-05,2025-11-05T10:54:00,2025-11-05,auto,john.c,GL-7287,GL-2908,464.94,464.94,464.94,monthly accrual,2025-10-31,
R0014,JE-4014,2025-10-21,2025-10-21T12:15:00,2025-10-21,manual,maria.s,GL-5983,GL-1321,2969.24,2969.24,2969.24,monthly accrual,2025-10-31,
R0015,JE-4015,2025-09-27,2025-09-27T17:04:00,2025-09-27,auto,fatima.a,GL-2643,GL-1689,452.46,452.46,452.46,monthly accrual,2025-10-31,
R0016,JE-4016,2025-09-19,2025-09-19T17:05:00,2025-09-19,manual,priya.s,GL-5854,GL-7327,557.64,557.64,557.64,monthly accrual,2025-10-31,
R0017,JE-4017,2025-09-10,2025-09-10T18:48:00,2025-09-10,manual,ahmed.r,GL-1254,GL-7040,181.96,181.96,181.96,monthly accrual,2025-10-31,
R0018,JE-4018,2025-10-18,2025-10-18T17:49:00,2025-10-18,manual,john.c,GL-3223,GL-7325,15049.51,15049.51,15049.51,monthly accrual,2025-10-31,
R0019,JE-4019,2025-09-24,2025-09-24T23:20:00,2025-09-24,manual,ahmed.r,GL-5087,GL-4109,15680.4,15680.4,15680.4,monthly accrual,2025-10-31,
R0020,JE-4020,2025-09-21,2025-09-21T11:34:00,2025-09-21,auto,fatima.a,GL-7360,GL-8905,38724.46,38724.46,38724.46,monthly accrual,2025-10-31,
R0021,JE-4021,2025-11-22,2025-11-22T09:22:00,2025-11-22,manual,sarah.k,GL-9394,GL-5180,188.25,188.25,188.25,monthly accrual,2025-10-31,
R0022,JE-4022,2025-10-01,2025-10-01T14:56:00,2025-10-01,manual,maria.s,GL-9044,GL-5807,38850.83,38850.83,38850.83,monthly accrual,2025-10-31,
R0023,JE-4023,2025-11-06,2025-11-06T09:19:00,2025-11-06,auto,ahmed.r,GL-4742,GL-8852,411.17,411.17,411.17,,2025-10-31,
R0024,JE-4024,2025-11-11,2025-11-11T09:37:00,2025-11-11,auto,priya.s,GL-4479,GL-4341,19376.56,19376.56,19376.56,monthly accrual,2025-10-31,
R0025,JE-4025,2025-09-03,2025-09-03T11:59:00,2025-09-03,manual,sarah.k,GL-1763,GL-3887,174.6,174.6,174.6,monthly accrual,2025-10-31,
R0026,JE-4026,2025-10-07,2025-10-07T10:28:00,2025-10-07,auto,sarah.k,GL-6933,GL-3267,1953.21,1953.21,1953.21,monthly accrual,2025-10-31,
R0027,JE-4027,2025-10-28,2025-10-28T16:55:00,2025-10-28,auto,maria.s,GL-3299,GL-1574,270225.9,270225.9,270225.9,monthly accrual,2025-10-31,
R0028,JE-4028,2025-09-03,2025-09-03T12:34:00,2025-09-03,manual,sarah.k,GL-1348,GL-2226,4589.6,4589.6,4589.6,monthly accrual,2025-10-31,
R0029,JE-4029,2025-11-01,2025-11-01T10:44:00,2025-11-01,manual,sarah.k,GL-2233,GL-8423,171.97,171.97,171.97,monthly accrual,2025-10-31,JE-4028
R0030,JE-4030,2025-11-09,2025-11-09T10:30:00,2025-11-09,manual,priya.s,GL-6764,GL-2391,1937.38,1937.38,1937.38,monthly accrual,2025-10-31,
R0031,JE-4031,2025-11-27,2025-11-27T14:17:00,2025-11-27,manual,sarah.k,GL-9190,GL-1238,4533.93,4533.93,4533.93,test plug adjustment,2025-10-31,
R0032,JE-4032,2025-11-19,2025-11-19T08:10:00,2025-11-19,manual,maria.s,GL-2183,GL-2314,20793.54,20793.54,20793.54,monthly accrual,2025-10-31,
R0033,JE-4033,2025-09-12,2025-09-12T14:36:00,2025-09-12,auto,fatima.a,GL-6409,GL-7364,17294.78,17294.78,17294.78,monthly accrual,2025-10-31,
R0034,JE-4034,2025-11-28,2025-11-28T16:24:00,2025-11-28,manual,sarah.k,GL-9498,GL-9430,10797.79,10797.79,10797.79,monthly accrual,2025-10-31,
R0035,JE-4035,2025-09-04,2025-09-04T08:41:00,2025-09-04,manual,ahmed.r,GL-2849,GL-9146,1218.49,1218.49,1218.49,monthly accrual,2025-10-31,
R0036,JE-4036,2025-11-18,2025-11-18T08:52:00,2025-11-18,auto,priya.s,GL-5932,GL-3346,20439.04,20439.04,20439.04,monthly accrual,2025-10-31,
R0037,JE-4037,2025-11-26,2025-11-26T13:20:00,2025-11-26,auto,fatima.a,GL-8240,GL-9164,13840.55,13840.55,13840.55,monthly accrual,2025-10-31,
R0038,JE-4038,2025-10-01,2025-10-01T23:56:00,2025-10-01,auto,ahmed.r,GL-8059,GL-4281,1394.32,1394.32,1394.32,monthly accrual,2025-10-31,
R0039,JE-4039,2025-09-28,2025-09-28T13:18:00,2025-09-28,auto,ahmed.r,GL-3231,GL-3204,2215.47,2215.47,2215.47,monthly accrual,2025-10-31,
R0040,JE-4040,2025-11-03,2025-11-03T08:10:00,2025-11-03,auto,fatima.a,GL-2050,GL-5535,1688.92,1688.92,1688.92,monthly accrual,2025-10-31,
R0041,JE-4041,2025-09-22,2025-09-22T14:12:00,2025-09-22,auto,john.c,GL-9519,GL-9091,248.26,248.26,201.9,monthly accrual,2025-10-31,
R0042,JE-4042,2025-11-29,2025-11-29T17:36:00,2025-11-29,auto,john.c,GL-6248,GL-2223,1269.99,1269.99,1269.99,monthly accrual,2025-10-31,
R0043,JE-4043,2025-09-05,2025-09-05T18:34:00,2025-09-05,auto,fatima.a,GL-5605,GL-6803,940.66,940.66,940.66,monthly accrual,2025-10-31,
R0044,JE-4044,2025-10-10,2025-10-10T18:10:00,2025-10-10,auto,ahmed.r,GL-7638,GL-8451,18728.47,18728.47,18728.47,monthly accrual,2025-10-31,
R0045,JE-4045,2025-09-25,2025-09-25T11:03:00,2025-09-25,auto,ahmed.r,GL-1769,GL-2889,122.05,122.05,122.05,monthly accrual,2025-10-31,
R0046,JE-4046,2025-10-28,2025-10-28T18:32:00,2025-10-28,auto,priya.s,GL-2277,GL-4244,240.75,240.75,240.75,,2025-10-31,
R0047,JE-4047,2025-11-05,2025-11-05T08:03:00,2025-11-05,manual,john.c,GL-9762,GL-1592,76459.65,76459.65,76459.65,monthly accrual,2025-10-31,
R0048,JE-4048,2025-09-23,2025-09-23T16:02:00,2025-09-23,auto,fatima.a,GL-9526,GL-9198,620.29,620.29,620.29,monthly accrual,2025-10-31,
R0049,JE-4049,2025-11-18,2025-11-18T11:24:00,2025-11-18,manual,sarah.k,GL-7725,GL-7356,308198.63,308198.63,308198.63,monthly accrual,2025-10-31,
R0050,JE-4050,2025-09-17,2025-09-17T08:47:00,2025-09-17,manual,john.c,GL-9235,GL-6621,3773.64,3773.64,3773.64,monthly accrual,2025-10-31,
R0051,JE-4051,2025-10-30,2025-10-30T09:09:00,2025-10-30,auto,fatima.a,GL-3023,GL-4494,1388.79,1388.79,1388.79,monthly accrual,2025-10-31,
R0052,JE-4052,2025-10-02,2025-10-02T12:58:00,2025-10-02,auto,maria.s,GL-6249,GL-5290,141235.24,141235.24,141235.24,monthly accrual,2025-10-31,
R0053,JE-4053,2025-09-03,2025-09-03T15:04:00,2025-09-08,manual,priya.s,GL-7904,GL-5509,1658.73,1658.73,1658.73,monthly accrual,2025-10-31,
R0054,JE-4054,2025-11-02,2025-11-02T09:50:00,2025-11-02,manual,john.c,GL-1575,GL-3832,165635.45,165635.45,165635.45,monthly accrual,2025-10-31,
R0055,JE-4055,2025-11-08,2025-11-08T10:37:00,2025-11-08,auto,john.c,GL-3435,GL-9462,1487.7,1487.7,1487.7,monthly accrual,2025-10-31,
R0056,JE-4056,2025-11-06,2025-11-06T15:26:00,2025-11-06,auto,maria.s,GL-2409,GL-4627,87079.83,87079.83,87079.83,monthly accrual,2025-10-31,
R0057,JE-4057,2025-10-27,2025-10-27T23:59:00,2025-10-27,manual,fatima.a,GL-3692,GL-9565,6971.43,6971.43,6971.43,monthly accrual,2025-10-31,
R0058,JE-4058,2025-11-05,2025-11-05T12:45:00,2025-11-05,auto,fatima.a,GL-7245,GL-4411,89677.17,89677.17,89677.17,monthly accrual,2025-10-31,JE-4057
R0059,JE-4059,2025-10-09,2025-10-09T16:56:00,2025-10-09,auto,priya.s,GL-9153,GL-4292,94994.69,94994.69,94994.69,monthly accrual,2025-10-31,
R0060,JE-4060,2025-10-23,2025-10-23T17:48:00,2025-10-23,auto,john.c,GL-1454,GL-9819,7510.4,7510.4,7510.4,monthly accrual,2025-10-31,
R0061,JE-4061,2025-09-06,2025-09-06T17:44:00,2025-09-06,manual,sarah.k,GL-9045,GL-2527,6398.26,6398.26,6398.26,monthly accrual,2025-10-31,
R0062,JE-4062,2025-11-28,2025-11-28T15:39:00,2025-11-28,auto,john.c,GL-7621,GL-5410,383.44,383.44,383.44,test plug adjustment,2025-10-31,
R0063,JE-4063,2025-10-04,2025-10-04T14:50:00,2025-10-04,manual,john.c,GL-9601,GL-6197,4529.66,4529.66,4529.66,monthly accrual,2025-10-31,
R0064,JE-4064,2025-09-14,2025-09-14T12:25:00,2025-09-14,auto,ahmed.r,GL-1373,GL-1583,467.82,467.82,467.82,monthly accrual,2025-10-31,
R0065,JE-4065,2025-09-25,2025-09-25T12:36:00,2025-09-25,manual,priya.s,GL-6822,GL-5005,350.23,350.23,350.23,monthly accrual,2025-10-31,
R0066,JE-4066,2025-11-19,2025-11-19T17:03:00,2025-11-19,auto,sarah.k,GL-9363,GL-5105,5570.31,5570.31,5570.31,monthly accrual,2025-10-31,
R0067,JE-4067,2025-09-26,2025-09-26T08:40:00,2025-09-26,auto,john.c,GL-7773,GL-9672,28496.17,28496.17,28496.17,monthly accrual,2025-10-31,
R0068,JE-4068,2025-11-18,2025-11-18T18:57:00,2025-11-18,manual,maria.s,GL-4577,GL-9677,362.28,362.28,362.28,monthly accrual,2025-10-31,
R0069,JE-4069,2025-09-28,2025-09-28T10:38:00,2025-09-28,auto,ahmed.r,GL-6695,GL-3967,95368.2,95368.2,95368.2,,2025-10-31,
R0070,JE-4070,2025-10-11,2025-10-11T11:45:00,2025-10-11,auto,ahmed.r,GL-4187,GL-2586,12910.59,12910.59,12910.59,monthly accrual,2025-10-31,
R0071,JE-4071,2025-09-18,2025-09-18T09:08:00,2025-09-18,manual,priya.s,GL-7355,GL-2589,129240.34,129240.34,129240.34,monthly accrual,2025-10-31,
R0072,JE-4072,2025-10-26,2025-10-26T10:54:00,2025-10-26,manual,ahmed.r,GL-7599,GL-1290,81769.22,81769.22,81769.22,monthly accrual,2025-10-31,
R0073,JE-4073,2025-09-13,2025-09-13T13:06:00,2025-09-13,auto,sarah.k,GL-9285,GL-6627,504.97,504.97,504.97,monthly accrual,2025-10-31,
R0074,JE-4074,2025-11-04,2025-11-04T09:59:00,2025-11-04,auto,john.c,GL-2739,GL-1398,312646.31,312646.31,312646.31,monthly accrual,2025-10-31,
R0075,JE-4075,2025-09-05,2025-09-05T17:02:00,2025-09-05,auto,john.c,GL-3401,GL-4105,46450.48,46450.48,46450.48,monthly accrual,2025-10-31,
R0076,JE-4076,2025-09-24,2025-09-24T23:27:00,2025-09-24,manual,ahmed.r,GL-5638,GL-2560,252.53,252.53,252.53,monthly accrual,2025-10-31,
R0077,JE-4077,2025-11-14,2025-11-14T15:05:00,2025-11-14,auto,sarah.k,GL-2584,GL-6354,164.74,164.74,164.74,monthly accrual,2025-10-31,
R0078,JE-4078,2025-10-21,2025-10-21T14:21:00,2025-10-21,auto,ahmed.r,GL-7113,GL-1217,4308.83,4308.83,4308.83,monthly accrual,2025-10-31,
R0079,JE-4079,2025-11-21,2025-11-21T10:01:00,2025-11-21,auto,john.c,GL-8437,GL-6891,28418.77,28418.77,28418.77,monthly accrual,2025-10-31,
R0080,JE-4080,2025-10-18,2025-10-18T10:21:00,2025-10-18,manual,sarah.k,GL-9397,GL-1252,2621.55,2621.55,2621.55,monthly accrual,2025-10-31,
R0081,JE-4081,2025-10-12,2025-10-12T18:35:00,2025-10-12,auto,john.c,GL-4128,GL-9262,133704.95,133704.95,133704.95,monthly accrual,2025-10-31,
R0082,JE-4082,2025-11-14,2025-11-14T09:38:00,2025-11-14,auto,fatima.a,GL-3622,GL-7645,275030.51,275030.51,275016.86,monthly accrual,2025-10-31,
R0083,JE-4083,2025-09-18,2025-09-18T13:57:00,2025-09-18,auto,john.c,GL-3974,GL-7647,137375.01,137375.01,137375.01,monthly accrual,2025-10-31,
R0084,JE-4084,2025-09-27,2025-09-27T13:42:00,2025-09-27,manual,priya.s,GL-8681,GL-2652,33823.63,33823.63,33823.63,monthly accrual,2025-10-31,
R0085,JE-4085,2025-09-02,2025-09-02T17:46:00,2025-09-02,auto,sarah.k,GL-4802,GL-5472,128282.85,128282.85,128282.85,monthly accrual,2025-10-31,
R0086,JE-4086,2025-11-25,2025-11-25T14:48:00,2025-11-25,manual,maria.s,GL-3981,GL-9733,1111.81,1111.81,1111.81,monthly accrual,2025-10-31,
R0087,JE-4087,2025-09-10,2025-09-10T18:40:00,2025-09-10,auto,ahmed.r,GL-2959,GL-7477,2309.83,2309.83,2309.83,monthly accrual,2025-10-31,JE-4086
R0088,JE-4088,2025-11-13,2025-11-13T11:24:00,2025-11-13,auto,priya.s,GL-8268,GL-7579,120.19,120.19,120.19,monthly accrual,2025-10-31,
R0089,JE-4089,2025-11-04,2025-11-04T14:21:00,2025-11-04,manual,sarah.k,GL-2612,GL-5236,150.18,150.18,150.18,monthly accrual,2025-10-31,
R0090,JE-4090,2025-10-03,2025-10-03T16:41:00,2025-10-03,manual,maria.s,GL-7810,GL-9530,922.4,922.4,922.4,monthly accrual,2025-10-31,
R0091,JE-4091,2025-11-12,2025-11-12T15:32:00,2025-11-12,manual,fatima.a,GL-2248,GL-1739,91695.26,91695.26,91695.26,monthly accrual,2025-10-31,
R0092,JE-4092,2025-10-20,2025-10-20T15:44:00,2025-10-20,manual,ahmed.r,GL-9118,GL-9879,180110.24,180110.24,180110.24,,2025-10-31,
R0093,JE-4093,2025-11-18,2025-11-18T15:52:00,2025-11-18,manual,john.c,GL-5660,GL-9630,12245.26,12245.26,12245.26,test plug adjustment,2025-10-31,
R0094,JE-4094,2025-11-05,2025-11-05T12:24:00,2025-11-05,manual,john.c,GL-5419,GL-5645,12371.21,12371.21,12371.21,monthly accrual,2025-10-31,
R0095,JE-4095,2025-11-24,2025-11-24T23:05:00,2025-11-24,manual,sarah.k,GL-5014,GL-1700,32218.57,32218.57,32218.57,monthly accrual,2025-10-31,
R0096,JE-4096,2025-11-21,2025-11-21T14:25:00,2025-11-21,auto,sarah.k,GL-6163,GL-7517,353.23,353.23,353.23,monthly accrual,2025-10-31,
R0097,JE-4097,2025-09-07,2025-09-07T13:23:00,2025-09-07,auto,sarah.k,GL-4665,GL-8037,10867.08,10867.08,10867.08,monthly accrual,2025-10-31,
R0098,JE-4098,2025-11-01,2025-11-01T08:32:00,2025-11-01,auto,maria.s,GL-2613,GL-8673,755.49,755.49,755.49,monthly accrual,2025-10-31,
R0099,JE-4099,2025-09-19,2025-09-19T17:34:00,2025-09-19,auto,fatima.a,GL-2885,GL-1825,266607.75,266607.75,266607.75,monthly accrual,2025-10-31,
R0100,JE-4100,2025-11-19,2025-11-19T08:18:00,2025-11-19,manual,priya.s,GL-9652,GL-3535,2884.38,2884.38,2884.38,monthly accrual,2025-10-31,
R0101,JE-4101,2025-09-16,2025-09-16T14:47:00,2025-09-16,manual,john.c,GL-5294,GL-7873,1868.78,1868.78,1868.78,monthly accrual,2025-10-31,
R0102,JE-4102,2025-10-17,2025-10-17T10:21:00,2025-10-17,auto,priya.s,GL-3111,GL-4906,52830.37,52830.37,52830.37,monthly accrual,2025-10-31,
R0103,JE-4103,2025-11-01,2025-11-01T16:14:00,2025-11-01,auto,maria.s,GL-6884,GL-5501,250.35,250.35,250.35,monthly accrual,2025-10-31,
R0104,JE-4104,2025-10-05,2025-10-05T17:33:00,2025-10-05,auto,ahmed.r,GL-5565,GL-4922,13624.8,13624.8,13624.8,monthly accrual,2025-10-31,
R0105,JE-4105,2025-09-27,2025-09-27T18:30:00,2025-09-27,auto,ahmed.r,GL-1647,GL-1995,214602.59,214602.59,214602.59,monthly accrual,2025-10-31,
R0106,JE-4106,2025-09-02,2025-09-02T17:52:00,2025-09-07,manual,sarah.k,GL-2678,GL-4646,887.74,887.74,887.74,monthly accrual,2025-10-31,
R0107,JE-4107,2025-11-09,2025-11-09T18:01:00,2025-11-09,auto,ahmed.r,GL-4846,GL-7114,941.91,941.91,941.91,monthly accrual,2025-10-31,
R0108,JE-4108,2025-11-01,2025-11-01T13:34:00,2025-11-01,manual,john.c,GL-3185,GL-2218,4730.91,4730.91,4730.91,monthly accrual,2025-10-31,
R0109,JE-4109,2025-09-16,2025-09-16T11:10:00,2025-09-16,auto,john.c,GL-7952,GL-5228,3677.76,3677.76,3677.76,monthly accrual,2025-10-31,
R0110,JE-4110,2025-10-20,2025-10-20T18:48:00,2025-10-20,manual,maria.s,GL-6331,GL-5765,68323.39,68323.39,68323.39,monthly accrual,2025-10-31,
R0111,JE-4111,2025-11-10,2025-11-10T10:33:00,2025-11-10,auto,john.c,GL-7049,GL-2589,45336.49,45336.49,45336.49,monthly accrual,2025-10-31,
R0112,JE-4112,2025-10-30,2025-10-30T09:00:00,2025-10-30,manual,john.c,GL-8943,GL-8594,115644.15,115644.15,115644.15,monthly accrual,2025-10-31,
R0113,JE-4113,2025-10-09,2025-10-09T12:58:00,2025-10-09,manual,ahmed.r,GL-2338,GL-5977,76249.48,76249.48,76249.48,monthly accrual,2025-10-31,
R0114,JE-4114,2025-11-03,2025-11-03T23:28:00,2025-11-03,auto,priya.s,GL-3341,GL-4584,34473.87,34473.87,34473.87,monthly accrual,2025-10-31,
R0115,JE-4115,2025-10-16,2025-10-16T09:46:00,2025-10-16,manual,priya.s,GL-8225,GL-5574,19971.98,19971.98,19971.98,,2025-10-31,
R0116,JE-4116,2025-10-27,2025-10-27T15:13:00,2025-10-27,auto,priya.s,GL-4624,GL-7546,7173.64,7173.64,7173.64,monthly accrual,2025-10-31,JE-4115
R0117,JE-4117,2025-11-06,2025-11-06T13:51:00,2025-11-06,manual,sarah.k,GL-6952,GL-7481,739.72,739.72,739.72,monthly accrual,2025-10-31,
R0118,JE-4118,2025-11-14,2025-11-14T17:53:00,2025-11-14,manual,priya.s,GL-7393,GL-9856,2272.63,2272.63,2272.63,monthly accrual,2025-10-31,
R0119,JE-4119,2025-09-20,2025-09-20T10:21:00,2025-09-20,auto,sarah.k,GL-8444,GL-5611,84589.66,84589.66,84589.66,monthly accrual,2025-10-31,
R0120,JE-4120,2025-09-03,2025-09-03T10:32:00,2025-09-03,manual,maria.s,GL-5847,GL-1366,594.76,594.76,594.76,monthly accrual,2025-10-31,
R0121,JE-4121,2025-11-23,2025-11-23T17:16:00,2025-11-23,manual,maria.s,GL-6004,GL-9936,88289.18,88289.18,88289.18,monthly accrual,2025-10-31,
R0122,JE-4122,2025-09-11,2025-09-11T09:50:00,2025-09-11,manual,priya.s,GL-2387,GL-1425,1481.92,1481.92,1481.92,monthly accrual,2025-10-31,
R0123,JE-4123,2025-11-21,2025-11-21T14:31:00,2025-11-21,manual,ahmed.r,GL-4611,GL-9011,19381.37,19381.37,19340.37,monthly accrual,2025-10-31,
R0124,JE-4124,2025-11-06,2025-11-06T13:20:00,2025-11-06,auto,priya.s,GL-6455,GL-3239,1526.12,1526.12,1526.12,test plug adjustment,2025-10-31,
R0125,JE-4125,2025-11-03,2025-11-03T09:01:00,2025-11-03,auto,fatima.a,GL-1757,GL-7727,5106.74,5106.74,5106.74,monthly accrual,2025-10-31,
R0126,JE-4126,2025-11-29,2025-11-29T14:18:00,2025-11-29,manual,sarah.k,GL-8612,GL-9869,1667.55,1667.55,1667.55,monthly accrual,2025-10-31,
R0127,JE-4127,2025-11-21,2025-11-21T08:35:00,2025-11-21,manual,sarah.k,GL-7907,GL-7888,121.68,121.68,121.68,monthly accrual,2025-10-31,
R0128,JE-4128,2025-09-19,2025-09-19T18:18:00,2025-09-19,manual,john.c,GL-3746,GL-6257,724.47,724.47,724.47,monthly accrual,2025-10-31,
R0129,JE-4129,2025-09-27,2025-09-27T12:29:00,2025-09-27,auto,sarah.k,GL-8724,GL-6053,2304.86,2304.86,2304.86,monthly accrual,2025-10-31,
R0130,JE-4130,2025-09-15,2025-09-15T10:22:00,2025-09-15,manual,sarah.k,GL-8516,GL-1281,1154.11,1154.11,1154.11,monthly accrual,2025-10-31,
R0131,JE-4131,2025-11-14,2025-11-14T13:02:00,2025-11-14,auto,sarah.k,GL-4237,GL-4023,4828.07,4828.07,4828.07,monthly accrual,2025-10-31,
R0132,JE-4132,2025-10-16,2025-10-16T15:18:00,2025-10-16,manual,maria.s,GL-9333,GL-4669,576.47,576.47,576.47,monthly accrual,2025-10-31,
R0133,JE-4133,2025-10-27,2025-10-27T23:09:00,2025-10-27,manual,ahmed.r,GL-6107,GL-9982,444.07,444.07,444.07,monthly accrual,2025-10-31,
R0134,JE-4134,2025-11-10,2025-11-10T14:41:00,2025-11-10,manual,priya.s,GL-9967,GL-2514,4766.71,4766.71,4766.71,monthly accrual,2025-10-31,
R0135,JE-4135,2025-11-01,2025-11-01T11:14:00,2025-11-01,manual,ahmed.r,GL-7307,GL-9643,104477.01,104477.01,104477.01,monthly accrual,2025-10-31,
R0136,JE-4136,2025-11-06,2025-11-06T08:45:00,2025-11-06,auto,fatima.a,GL-4893,GL-1178,51238.54,51238.54,51238.54,monthly accrual,2025-10-31,
R0137,JE-4137,2025-10-31,2025-10-31T11:05:00,2025-10-31,auto,fatima.a,GL-7904,GL-3577,147333.29,147333.29,147333.29,monthly accrual,2025-10-31,
R0138,JE-4138,2025-10-24,2025-10-24T12:12:00,2025-10-24,manual,maria.s,GL-3148,GL-5366,354.15,354.15,354.15,,2025-10-31,
R0139,JE-4139,2025-11-06,2025-11-06T10:58:00,2025-11-06,manual,sarah.k,GL-4347,GL-3441,7430.49,7430.49,7430.49,monthly accrual,2025-10-31,
R0140,JE-4140,2025-09-17,2025-09-17T16:41:00,2025-09-17,manual,sarah.k,GL-8865,GL-8678,194.31,194.31,194.31,monthly accrual,2025-10-31,
R0141,JE-4141,2025-11-05,2025-11-05T16:31:00,2025-11-05,auto,priya.s,GL-1311,GL-4076,220917.01,220917.01,220917.01,monthly accrual,2025-10-31,
R0142,JE-4142,2025-10-24,2025-10-24T15:03:00,2025-10-24,auto,ahmed.r,GL-1609,GL-9902,473.97,473.97,473.97,monthly accrual,2025-10-31,
R0143,JE-4143,2025-10-23,2025-10-23T12:06:00,2025-10-23,manual,priya.s,GL-6091,GL-7643,6916.0,6916.0,6916.0,monthly accrual,2025-10-31,
R0144,JE-4144,2025-09-10,2025-09-10T18:51:00,2025-09-10,auto,fatima.a,GL-2098,GL-6893,8858.65,8858.65,8858.65,monthly accrual,2025-10-31,
R0145,JE-4145,2025-09-10,2025-09-10T14:55:00,2025-09-10,manual,fatima.a,GL-8565,GL-2997,25399.79,25399.79,25399.79,monthly accrual,2025-10-31,JE-4144
R0146,JE-4146,2025-11-23,2025-11-23T15:49:00,2025-11-23,auto,ahmed.r,GL-5808,GL-2856,3618.99,3618.99,3618.99,monthly accrual,2025-10-31,
R0147,JE-4147,2025-11-01,2025-11-01T11:18:00,2025-11-01,auto,maria.s,GL-3492,GL-5757,50277.37,50277.37,50277.37,monthly accrual,2025-10-31,
R0148,JE-4148,2025-11-20,2025-11-20T12:52:00,2025-11-20,auto,priya.s,GL-7425,GL-2424,2069.95,2069.95,2069.95,monthly accrual,2025-10-31,
R0149,JE-4149,2025-10-03,2025-10-03T09:14:00,2025-10-03,manual,priya.s,GL-6074,GL-5486,457.4,457.4,457.4,monthly accrual,2025-10-31,
R0150,JE-4150,2025-11-12,2025-11-12T15:52:00,2025-11-12,auto,john.c,GL-2511,GL-2668,4409.27,4409.27,4409.27,monthly accrual,2025-10-31,
R0151,JE-4151,2025-09-19,2025-09-19T18:44:00,2025-09-19,manual,fatima.a,GL-3936,GL-3947,14997.61,14997.61,14997.61,monthly accrual,2025-10-31,
R0152,JE-4152,2025-09-25,2025-09-25T23:15:00,2025-09-25,auto,maria.s,GL-2476,GL-2645,2558.45,2558.45,2558.45,monthly accrual,2025-10-31,
R0153,JE-4153,2025-09-30,2025-09-30T14:10:00,2025-09-30,auto,john.c,GL-2190,GL-6597,129.79,129.79,129.79,monthly accrual,2025-10-31,
R0154,JE-4154,2025-10-25,2025-10-25T11:26:00,2025-10-25,manual,ahmed.r,GL-7323,GL-8909,175444.1,175444.1,175444.1,monthly accrual,2025-10-31,
R0155,JE-4155,2025-10-13,2025-10-13T14:15:00,2025-10-13,auto,maria.s,GL-6205,GL-5014,167739.83,167739.83,167739.83,test plug adjustment,2025-10-31,
R0156,JE-4156,2025-11-24,2025-11-24T12:31:00,2025-11-24,auto,priya.s,GL-4092,GL-6607,281457.83,281457.83,281457.83,monthly accrual,2025-10-31,
R0157,JE-4157,2025-10-10,2025-10-10T14:32:00,2025-10-10,manual,ahmed.r,GL-9345,GL-6451,18946.46,18946.46,18946.46,monthly accrual,2025-10-31,
R0158,JE-4158,2025-10-08,2025-10-08T10:10:00,2025-10-08,auto,priya.s,GL-9828,GL-5890,77296.56,77296.56,77296.56,monthly accrual,2025-10-31,
R0159,JE-4159,2025-11-10,2025-11-10T16:35:00,2025-11-15,auto,ahmed.r,GL-4246,GL-9454,658.72,658.72,658.72,monthly accrual,2025-10-31,
R0160,JE-4160,2025-11-30,2025-11-30T08:45:00,2025-11-30,manual,fatima.a,GL-4242,GL-2363,84009.76,84009.76,84009.76,monthly accrual,2025-10-31,
R0161,JE-4161,2025-09-18,2025-09-18T13:09:00,2025-09-18,auto,priya.s,GL-2503,GL-6917,717.96,717.96,717.96,,2025-10-31,
R0162,JE-4162,2025-10-05,2025-10-05T10:45:00,2025-10-05,manual,ahmed.r,GL-9903,GL-9948,4174.62,4174.62,4174.62,monthly accrual,2025-10-31,
R0163,JE-4163,2025-11-11,2025-11-11T10:06:00,2025-11-11,auto,fatima.a,GL-6483,GL-3386,166.94,166.94,166.94,monthly accrual,2025-10-31,
R0164,JE-4164,2025-09-16,2025-09-16T13:37:00,2025-09-16,manual,ahmed.r,GL-6949,GL-3717,185765.08,185765.08,185730.51,monthly accrual,2025-10-31,
R0165,JE-4165,2025-09-24,2025-09-24T15:27:00,2025-09-24,auto,sarah.k,GL-7609,GL-3950,12346.3,12346.3,12346.3,monthly accrual,2025-10-31,
R0166,JE-4166,2025-11-24,2025-11-24T14:03:00,2025-11-24,auto,maria.s,GL-1267,GL-3597,304.7,304.7,304.7,monthly accrual,2025-10-31,
R0167,JE-4167,2025-09-26,2025-09-26T16:07:00,2025-09-26,manual,john.c,GL-2937,GL-7647,2767.07,2767.07,2767.07,monthly accrual,2025-10-31,
R0168,JE-4168,2025-09-27,2025-09-27T11:55:00,2025-09-27,manual,maria.s,GL-6441,GL-1876,1502.62,1502.62,1502.62,monthly accrual,2025-10-31,
R0169,JE-4169,2025-11-22,2025-11-22T10:02:00,2025-11-22,auto,john.c,GL-9151,GL-2679,55452.23,55452.23,55452.23,monthly accrual,2025-10-31,
R0170,JE-4170,2025-10-31,2025-10-31T17:12:00,2025-10-31,auto,john.c,GL-5613,GL-8959,1618.3,1618.3,1618.3,monthly accrual,2025-10-31,
R0171,JE-4171,2025-10-30,2025-10-30T23:15:00,2025-10-30,auto,john.c,GL-8109,GL-2922,85870.79,85870.79,85870.79,monthly accrual,2025-10-31,
R0172,JE-4172,2025-11-12,2025-11-12T13:36:00,2025-11-12,auto,maria.s,GL-9530,GL-8081,251.88,251.88,251.88,monthly accrual,2025-10-31,
R0173,JE-4173,2025-10-24,2025-10-24T08:41:00,2025-10-24,manual,priya.s,GL-8097,GL-7168,146215.65,146215.65,146215.65,monthly accrual,2025-10-31,
R0174,JE-4174,2025-11-16,2025-11-16T17:38:00,2025-11-16,auto,sarah.k,GL-5003,GL-3038,1338.71,1338.71,1338.71,monthly accrual,2025-10-31,JE-4173
R0175,JE-4175,2025-10-28,2025-10-28T08:13:00,2025-10-28,auto,john.c,GL-2726,GL-9621,705.04,705.04,705.04,monthly accrual,2025-10-31,
R0176,JE-4176,2025-10-01,2025-10-01T11:07:00,2025-10-01,auto,sarah.k,GL-7041,GL-9948,8080.38,8080.38,8080.38,monthly accrual,2025-10-31,
R0177,JE-4177,2025-10-24,2025-10-24T18:12:00,2025-10-24,manual,fatima.a,GL-7907,GL-3009,9416.0,9416.0,9416.0,monthly accrual,2025-10-31,
R0178,JE-4178,2025-09-10,2025-09-10T09:39:00,2025-09-10,auto,maria.s,GL-8424,GL-1009,221.29,221.29,221.29,monthly accrual,2025-10-31,
R0179,JE-4179,2025-10-08,2025-10-08T13:58:00,2025-10-08,manual,ahmed.r,GL-2026,GL-8221,714.1,714.1,714.1,monthly accrual,2025-10-31,
R0180,JE-4180,2025-10-28,2025-10-28T13:07:00,2025-10-28,manual,fatima.a,GL-4781,GL-1751,71459.84,71459.84,71459.84,monthly accrual,2025-10-31,
R0181,JE-4181,2025-10-10,2025-10-10T12:48:00,2025-10-10,auto,priya.s,GL-9166,GL-3346,128.52,128.52,128.52,monthly accrual,2025-10-31,
R0182,JE-4182,2025-10-31,2025-10-31T08:24:00,2025-10-31,manual,ahmed.r,GL-6175,GL-6802,119002.13,119002.13,119002.13,monthly accrual,2025-10-31,
R0183,JE-4183,2025-10-31,2025-10-31T16:44:00,2025-10-31,auto,ahmed.r,GL-9734,GL-4870,113.8,113.8,113.8,monthly accrual,2025-10-31,
R0184,JE-4184,2025-09-25,2025-09-25T18:18:00,2025-09-25,auto,sarah.k,GL-6014,GL-6127,210431.54,210431.54,210431.54,,2025-10-31,
R0185,JE-4185,2025-10-06,2025-10-06T10:11:00,2025-10-06,auto,priya.s,GL-8293,GL-7802,110548.39,110548.39,110548.39,monthly accrual,2025-10-31,
R0186,JE-4186,2025-09-11,2025-09-11T09:25:00,2025-09-11,auto,fatima.a,GL-4218,GL-5406,391.63,391.63,391.63,test plug adjustment,2025-10-31,
R0187,JE-4187,2025-09-24,2025-09-24T12:41:00,2025-09-24,auto,priya.s,GL-7103,GL-9591,33151.66,33151.66,33151.66,monthly accrual,2025-10-31,
R0188,JE-4188,2025-11-05,2025-11-05T12:07:00,2025-11-05,manual,ahmed.r,GL-4701,GL-5535,11605.17,11605.17,11605.17,monthly accrual,2025-10-31,
R0189,JE-4189,2025-09-20,2025-09-20T09:28:00,2025-09-20,manual,john.c,GL-9655,GL-2209,17368.23,17368.23,17368.23,monthly accrual,2025-10-31,
R0190,JE-4190,2025-11-07,2025-11-07T23:05:00,2025-11-07,manual,maria.s,GL-5661,GL-9802,149928.54,149928.54,149928.54,monthly accrual,2025-10-31,
R0191,JE-4191,2025-10-03,2025-10-03T10:01:00,2025-10-03,auto,priya.s,GL-4105,GL-5028,3034.36,3034.36,3034.36,monthly accrual,2025-10-31,
R0192,JE-4192,2025-09-23,2025-09-23T10:57:00,2025-09-23,auto,ahmed.r,GL-1550,GL-8563,948.11,948.11,948.11,monthly accrual,2025-10-31,
R0193,JE-4193,2025-11-14,2025-11-14T15:09:00,2025-11-14,auto,sarah.k,GL-3947,GL-2049,2220.68,2220.68,2220.68,monthly accrual,2025-10-31,
R0194,JE-4194,2025-11-11,2025-11-11T13:42:00,2025-11-11,auto,fatima.a,GL-8921,GL-1523,52322.26,52322.26,52322.26,monthly accrual,2025-10-31,
R0195,JE-4195,2025-11-06,2025-11-06T18:25:00,2025-11-06,auto,fatima.a,GL-9528,GL-9711,1047.28,1047.28,1047.28,monthly accrual,2025-10-31,
R0196,JE-4196,2025-09-23,2025-09-23T09:46:00,2025-09-23,auto,maria.s,GL-8136,GL-4855,11982.72,11982.72,11982.72,monthly accrual,2025-10-31,
R0197,JE-4197,2025-11-25,2025-11-25T11:02:00,2025-11-25,auto,priya.s,GL-9013,GL-9915,3479.5,3479.5,3479.5,monthly accrual,2025-10-31,
R0198,JE-4198,2025-09-29,2025-09-29T12:51:00,2025-09-29,auto,sarah.k,GL-4317,GL-1860,96431.66,96431.66,96431.66,monthly accrual,2025-10-31,
R0199,JE-4199,2025-11-13,2025-11-13T13:11:00,2025-11-13,auto,ahmed.r,GL-1291,GL-9128,3709.61,3709.61,3709.61,monthly accrual,2025-10-31,
R0200,JE-4200,2025-10-26,2025-10-26T08:31:00,2025-10-26,auto,sarah.k,GL-2872,GL-3919,5794.26,5794.26,5794.26,monthly accrual,2025-10-31,
R0201,JE-4201,2025-11-12,2025-11-12T11:51:00,2025-11-12,auto,maria.s,GL-3395,GL-1884,17359.04,17359.04,17359.04,monthly accrual,2025-10-31,
R0202,JE-4202,2025-10-10,2025-10-10T17:58:00,2025-10-10,auto,fatima.a,GL-9609,GL-5337,3081.48,3081.48,3081.48,monthly accrual,2025-10-31,
R0203,JE-4203,2025-11-15,2025-11-15T16:29:00,2025-11-15,auto,ahmed.r,GL-7207,GL-5175,5548.91,5548.91,5548.91,monthly accrual,2025-10-31,JE-4202
R0204,JE-4204,2025-10-02,2025-10-02T17:32:00,2025-10-02,auto,john.c,GL-2001,GL-6174,362.52,362.52,362.52,monthly accrual,2025-10-31,
R0205,JE-4205,2025-10-23,2025-10-23T08:57:00,2025-10-23,auto,ahmed.r,GL-9020,GL-3204,4304.84,4304.84,4269.36,monthly accrual,2025-10-31,
R0206,JE-4206,2025-09-19,2025-09-19T08:12:00,2025-09-19,auto,sarah.k,GL-4942,GL-7715,40375.07,40375.07,40375.07,monthly accrual,2025-10-31,
R0207,JE-4207,2025-11-07,2025-11-07T12:10:00,2025-11-07,manual,john.c,GL-7954,GL-2253,312.91,312.91,312.91,,2025-10-31,
R0208,JE-4208,2025-09-05,2025-09-05T17:35:00,2025-09-05,auto,ahmed.r,GL-5844,GL-5148,23960.12,23960.12,23960.12,monthly accrual,2025-10-31,
R0209,JE-4209,2025-09-16,2025-09-16T23:49:00,2025-09-16,manual,john.c,GL-2409,GL-4723,8542.87,8542.87,8542.87,monthly accrual,2025-10-31,
R0210,JE-4210,2025-10-18,2025-10-18T17:47:00,2025-10-18,auto,ahmed.r,GL-1650,GL-3628,1204.49,1204.49,1204.49,monthly accrual,2025-10-31,
R0211,JE-4211,2025-10-22,2025-10-22T13:56:00,2025-10-22,auto,maria.s,GL-3904,GL-8579,11176.36,11176.36,11176.36,monthly accrual,2025-10-31,
R0212,JE-4212,2025-10-21,2025-10-21T14:33:00,2025-10-26,manual,sarah.k,GL-4528,GL-7856,187945.69,187945.69,187945.69,monthly accrual,2025-10-31,
R0213,JE-4213,2025-10-15,2025-10-15T10:51:00,2025-10-15,auto,john.c,GL-4336,GL-7557,728.98,728.98,728.98,monthly accrual,2025-10-31,
R0214,JE-4214,2025-09-28,2025-09-28T15:38:00,2025-09-28,auto,john.c,GL-9031,GL-3975,11984.09,11984.09,11984.09,monthly accrual,2025-10-31,
R0215,JE-4215,2025-11-02,2025-11-02T09:50:00,2025-11-02,manual,sarah.k,GL-5530,GL-6944,520.05,520.05,520.05,monthly accrual,2025-10-31,
R0216,JE-4216,2025-10-06,2025-10-06T12:23:00,2025-10-06,auto,maria.s,GL-7438,GL-4564,14907.07,14907.07,14907.07,monthly accrual,2025-10-31,
R0217,JE-4217,2025-10-05,2025-10-05T13:44:00,2025-10-05,manual,ahmed.r,GL-4946,GL-2953,230.11,230.11,230.11,test plug adjustment,2025-10-31,
R0218,JE-4218,2025-09-03,2025-09-03T15:22:00,2025-09-03,auto,sarah.k,GL-7248,GL-6328,311139.34,311139.34,311139.34,monthly accrual,2025-10-31,
R0219,JE-4219,2025-10-03,2025-10-03T08:40:00,2025-10-03,auto,priya.s,GL-7454,GL-4904,49830.8,49830.8,49830.8,monthly accrual,2025-10-31,
R0220,JE-4220,2025-11-02,2025-11-02T17:02:00,2025-11-02,manual,ahmed.r,GL-1520,GL-4416,138.96,138.96,138.96,monthly accrual,2025-10-31,
R0221,JE-4221,2025-10-10,2025-10-10T10:23:00,2025-10-10,auto,maria.s,GL-9980,GL-5266,2737.74,2737.74,2737.74,monthly accrual,2025-10-31,
R0222,JE-4222,2025-10-11,2025-10-11T10:47:00,2025-10-11,auto,ahmed.r,GL-5593,GL-9765,34608.38,34608.38,34608.38,monthly accrual,2025-10-31,
R0223,JE-4223,2025-10-28,2025-10-28T13:45:00,2025-10-28,manual,ahmed.r,GL-2681,GL-5785,2621.71,2621.71,2621.71,monthly accrual,2025-10-31,
R0224,JE-4224,2025-10-18,2025-10-18T08:04:00,2025-10-18,manual,sarah.k,GL-8910,GL-1186,1611.94,1611.94,1611.94,monthly accrual,2025-10-31,
R0225,JE-4225,2025-10-09,2025-10-09T11:54:00,2025-10-09,manual,maria.s,GL-6789,GL-3000,20486.57,20486.57,20486.57,monthly accrual,2025-10-31,
R0226,JE-4226,2025-10-18,2025-10-18T09:06:00,2025-10-18,auto,john.c,GL-2962,GL-7429,662.37,662.37,662.37,monthly accrual,2025-10-31,
R0227,JE-4227,2025-11-03,2025-11-03T13:18:00,2025-11-03,manual,priya.s,GL-9144,GL-5584,162.32,162.32,162.32,monthly accrual,2025-10-31,
R0228,JE-4228,2025-09-29,2025-09-29T23:26:00,2025-09-29,manual,john.c,GL-3731,GL-6746,358.99,358.99,358.99,monthly accrual,2025-10-31,
R0229,JE-4229,2025-11-25,2025-11-25T13:27:00,2025-11-25,auto,john.c,GL-3470,GL-8836,31123.18,31123.18,31123.18,monthly accrual,2025-10-31,
R0230,JE-4230,2025-11-14,2025-11-14T12:18:00,2025-11-14,auto,fatima.a,GL-1377,GL-7412,793.44,793.44,793.44,,2025-10-31,
R0231,JE-4231,2025-09-20,2025-09-20T14:19:00,2025-09-20,manual,priya.s,GL-1894,GL-7179,1883.77,1883.77,1883.77,monthly accrual,2025-10-31,
R0232,JE-4232,2025-11-03,2025-11-03T13:26:00,2025-11-03,manual,priya.s,GL-2184,GL-1385,91999.43,91999.43,91999.43,monthly accrual,2025-10-31,JE-4231
R0233,JE-4233,2025-09-05,2025-09-05T17:45:00,2025-09-05,auto,priya.s,GL-5290,GL-4047,1639.85,1639.85,1639.85,monthly accrual,2025-10-31,
R0234,JE-4234,2025-11-22,2025-11-22T13:23:00,2025-11-22,auto,sarah.k,GL-4547,GL-2237,4388.97,4388.97,4388.97,monthly accrual,2025-10-31,
R0235,JE-4235,2025-11-05,2025-11-05T17:35:00,2025-11-05,auto,john.c,GL-2042,GL-5524,146.85,146.85,146.85,monthly accrual,2025-10-31,
R0236,JE-4236,2025-09-09,2025-09-09T14:49:00,2025-09-09,auto,john.c,GL-1624,GL-3225,80097.21,80097.21,80097.21,monthly accrual,2025-10-31,
R0237,JE-4237,2025-11-27,2025-11-27T13:26:00,2025-11-27,manual,john.c,GL-1345,GL-3455,5953.46,5953.46,5953.46,monthly accrual,2025-10-31,
R0238,JE-4238,2025-11-17,2025-11-17T18:29:00,2025-11-17,manual,ahmed.r,GL-4842,GL-9529,471.62,471.62,471.62,monthly accrual,2025-10-31,
R0239,JE-4239,2025-09-01,2025-09-01T08:46:00,2025-09-01,auto,ahmed.r,GL-9962,GL-9087,174851.23,174851.23,174851.23,monthly accrual,2025-10-31,
R0240,JE-4240,2025-11-23,2025-11-23T16:44:00,2025-11-23,manual,fatima.a,GL-6464,GL-5326,47698.26,47698.26,47698.26,monthly accrual,2025-10-31,
R0241,JE-4241,2025-10-15,2025-10-15T11:00:00,2025-10-15,manual,fatima.a,GL-7491,GL-3562,231.01,231.01,231.01,monthly accrual,2025-10-31,
R0242,JE-4242,2025-09-25,2025-09-25T17:29:00,2025-09-25,manual,fatima.a,GL-9038,GL-5811,76800.18,76800.18,76800.18,monthly accrual,2025-10-31,
R0243,JE-4243,2025-10-18,2025-10-18T18:47:00,2025-10-18,manual,maria.s,GL-9165,GL-4883,2830.07,2830.07,2830.07,monthly accrual,2025-10-31,
R0244,JE-4244,2025-11-22,2025-11-22T10:07:00,2025-11-22,manual,maria.s,GL-3064,GL-2036,745.69,745.69,745.69,monthly accrual,2025-10-31,
R0245,JE-4245,2025-09-09,2025-09-09T12:58:00,2025-09-09,auto,sarah.k,GL-8398,GL-9394,72848.28,72848.28,72848.28,monthly accrual,2025-10-31,
R0246,JE-4246,2025-11-26,2025-11-26T15:40:00,2025-11-26,manual,sarah.k,GL-6646,GL-5159,4813.32,4813.32,4769.87,monthly accrual,2025-10-31,
R0247,JE-4247,2025-10-21,2025-10-21T23:44:00,2025-10-21,auto,john.c,GL-5144,GL-5125,5971.38,5971.38,5971.38,monthly accrual,2025-10-31,
R0248,JE-4248,2025-10-18,2025-10-18T13:26:00,2025-10-18,manual,ahmed.r,GL-3119,GL-7891,31991.95,31991.95,31991.95,test plug adjustment,2025-10-31,
R0249,JE-4249,2025-11-22,2025-11-22T12:57:00,2025-11-22,auto,ahmed.r,GL-3051,GL-4290,29801.48,29801.48,29801.48,monthly accrual,2025-10-31,
